<?xml version="1.0" encoding="UTF-8"?>

<!-- This is an automatically generated file. -->
<Chapter Label="Chapter_Morphisms">
<Heading>Homomorphisms, isomorphisms and automorphisms</Heading>

<Section Label="Section_Homomorphisms">
<Heading>Homomorphisms, isomorphisms and automorphisms of right quasigroups</Heading>

 <P/>A mapping <Math>f:(Q_1,\cdot)\to (Q_2,*)</Math> between (right) quasigroups is a <Emph>homomorphism</Emph>
 <Index Subkey="of right quasigroups">homomorphis</Index> if <Math>f(x)*f(y) = f(x\cdot y)</Math>
 for every <Math>x,y\in Q_1</Math>. The homomorphism <Math>f</Math> then automatically preserves divisons.
 If <Math>f</Math> is also a bijection, it is an <Emph>isomorphism</Emph><Index Subkey="of right quasigroups">isomorphism</Index>.
 If <Math>(Q_1,\cdot)=(Q_2,*)</Math> then <Math>f</Math> is an <Emph>endomorphism</Emph><Index Subkey="of right quasigroups">endomorphism</Index>.
 A bijective endomorphism is an <Emph>automorphism</Emph><Index Subkey="of right quasigroups">automorphism</Index>.
 <P/>In &RightQuasigroups;, homomorphisms and isomorphisms are represented as right quasigroup mappings,
 while automorphisms are represented as parent permutations. 
 See Chapter <Ref Chap="Chapter_Mappings"/> for conversions between right quasigroup mappings,
 permutations and transformations.
<ManSection Label="AutoDoc_generated_group39">
<Heading>Testing homomorphisms</Heading>
  <Oper Arg="f" Name="IsRightQuasigroupHomomorphism" Label="for IsMapping"/>
  <Oper Arg="f" Name="IsQuasigroupHomomorphism" Label="for IsMapping"/>
  <Oper Arg="f" Name="IsLoopHomomorphism" Label="for IsMapping"/>
 <Returns><Code>true</Code> if the mapping <Arg>f</Arg> is a homomorphism of right quasigroups (quasigroups, loops),  else returns <Code>false</Code>. The function checks that the source and range of <Arg>f</Arg> are right quasigroups
  (quasigroups, loops) and that <Arg>f</Arg> respects multiplication.
</Returns>
 <Description>
<P/>
 </Description>
</ManSection>


<ManSection Label="AutoDoc_generated_group40">
<Heading>Testing isomorphisms</Heading>
  <Oper Arg="f" Name="IsRightQuasigroupIsomorphism" Label="for IsMapping"/>
  <Oper Arg="f" Name="IsQuasigroupIsomorphism" Label="for IsMapping"/>
  <Oper Arg="f" Name="IsLoopIsomorphism" Label="for IsMapping"/>
 <Returns><Code>true</Code> if the mapping <Arg>f</Arg> is an isomorphism of right quasigroups (quasigroups, loops),  else returns <Code>false</Code>. The function checks <Arg>f</Arg> is a bijective right quasigroup (quasigroup, loop) homomorphism.
</Returns>
 <Description>
Mappings returned by <Code>IsomorphismRightQuasigroups</Code> are right quasigroup isomorphisms.
<P/>
 </Description>
</ManSection>


<Example><![CDATA[
gap> A := QuasigroupByFunction( [0..7], function(x,y) return (x-y) mod 8; end );;
gap> B := QuasigroupByFunction( [0..3], function(x,y) return (x-y) mod 4; end );;
gap> SetQuasigroupElementsName(B, "b" );;
gap> f := function( x ) return B[ UnderlyingSetElm( x ) mod 4 ]; end;; 
gap> List( A, f );
[ b0, b1, b2, b3, b0, b1, b2, b3 ]
gap> m := MappingByFunction( A, B, f );;
gap> IsRightQuasigroupHomomorphism( m );
true
gap> IsRightQuasigroupIsomorphism( m );
false
gap> IsSurjective( m );
true
]]></Example>


<ManSection Label="AutoDoc_generated_group41">
<Heading>Testing endomorphisms</Heading>
  <Oper Arg="f" Name="IsRightQuasigroupEndomorphism" Label="for IsMapping"/>
  <Oper Arg="f" Name="IsQuasigroupEndomorphism" Label="for IsMapping"/>
  <Oper Arg="f" Name="IsLoopEndomorphism" Label="for IsMapping"/>
 <Returns><Code>true</Code> if the mapping <Arg>f</Arg> is an endomorphism of a right quasigroup (quasigroup, loop),  else returns <Code>false</Code>. The function checks that <Arg>f</Arg> is a right quasigroup (quasigroup, loop)
  homomorphism with identical source and range.
</Returns>
 <Description>
<P/>
 </Description>
</ManSection>


<ManSection Label="AutoDoc_generated_group42">
<Heading>Testing automorphisms</Heading>
  <Oper Arg="f" Name="IsRightQuasigroupAutomorphism" Label="for IsMapping"/>
  <Oper Arg="f" Name="IsQuasigroupAutomorphism" Label="for IsMapping"/>
  <Oper Arg="f" Name="IsLoopAutomorphism" Label="for IsMapping"/>
 <Returns><Code>true</Code> if the mapping <Arg>f</Arg> is an automorphism of a right quasigroup (quasigroup, loop),  else returns <Code>false</Code>. The function checks that <Arg>f</Arg> is a bijective right quasigroup
  (quasigroup, loop) endomorphism.
</Returns>
 <Description>
Note that elements of automorphism groups of right quasigroups are not
 right quasigroup automorphisms in this sense and must be converted via <Code>AsRightQuasigroupMapping</Code>.
<P/>
 </Description>
</ManSection>


<Example><![CDATA[
gap> Q := AutomorphicLoop( 15, 1 );;
gap> f := LeftInnerMapping( Q, Q.6, Q.2 );
(6,9,8,7,10)(11,15,12,13,14)
gap> m := AsRightQuasigroupMapping( Q, f );;
gap> IsRightQuasigroupAutomorphism( m );
true
]]></Example>


<ManSection Label="AutoDoc_generated_group43">
<Heading>Homomorphisms by images</Heading>
  <Oper Arg="Q1, Q2[[, gens], imgs]" Name="RightQuasigroupHomomorphismByImages" Label="for IsRightQuasigroup, IsRightQuasigroup"/>
  <Oper Arg="Q1, Q2[[, gens], imgs]" Name="QuasigroupHomomorphismByImages" Label="for IsQuasigroup, IsQuasigroup"/>
  <Oper Arg="Q1, Q2[[, gens], imgs]" Name="LoopHomomorphismByImages" Label="for IsLoop, IsLoop"/>
 <Returns>the homomorphism from right quasigroup (quasigroup, loop) <Arg>Q1</Arg>  to right quasigroup (quasigroup, loop) <Arg>Q2</Arg>
  determined by the images <Arg>imgs</Arg> on the generators <Arg>gens</Arg> of <Arg>Q1</Arg>.
  If the list <Arg>gens</Arg> is omitted, <Code>GeneratorsOfRightQuasigroup(</Code><Arg>Q1</Arg><Code>)</Code> is used instead.
  If the list <Arg>imgs</Arg> is omitted, <Code>GeneratorsOfRightQuasigroup(</Code><Arg>Q2</Arg><Code>)</Code> is used instead.
  If <Arg>gens</Arg>, <Arg>imgs</Arg> are not of the same length, error is returned.
  If <Arg>gens</Arg> does not generate <Arg>Q1</Arg>, <Code>fail</Code> is returned.
  If the arguments do not define a homomorphism, <Code>fail</Code> is returned.
</Returns>
 <Description>
<P/>
 </Description>
</ManSection>


<Example><![CDATA[
gap> Q := CheinLoop( SymmetricGroup( 3 ) );;
gap> gens := SmallGeneratingSet( Q ); # also sets GeneratorsOfMagma in this case
[ l[ 0, (2,3) ], l[ 0, (1,2,3) ], l[ 1, () ] ]
gap> S := AsLoop( Group((1,2)) );;
gap> f := LoopHomomorphismByImages( Q, S, gens, [ S[()],S[()],S[(1,2)] ] );
MappingByFunction( <Moufang loop of size 12>, <associative loop of size 2>, function( x ) ... end )
gap> Q[ [1,(1,2,3)] ]^f;
l(1,2)
]]></Example>


<ManSection>
  <Oper Arg="f" Name="KernelRelationOfMapping" Label="for IsMapping"/>
 <Returns>the kernel relation of the mapping <Arg>f</Arg>, that is, the  equivalence relation <Code>E</Code> on <Code>Source( </Code><Arg>f</Arg><Code> )</Code> such that <Code>xEy</Code> iff <Code>x^f = y^f</Code>.
</Returns>
 <Description>
<P/>
 </Description>
</ManSection>


<Example><![CDATA[
gap> G := SymmetricGroup( 3 );;
gap> f := MappingByFunction( G, Domain([1,-1]), SignPerm );;
gap> ker := KernelRelationOfMapping( f );
<equivalence relation on SymmetricGroup( [ 1 .. 3 ] ) >
gap> EquivalenceClasses( ker );
[ {(2,3)}, {()} ]
]]></Example>


<ManSection Label="AutoDoc_generated_group44">
<Heading>Kernel of loop homomorphisms</Heading>
  <Oper Arg="f" Name="KernelOfLoopHomomorphism" Label="for IsMapping"/>
  <Oper Arg="f" Name="KernelOfLoopHomomorphismNC" Label="for IsMapping"/>
 <Returns>the kernel of the loop homomorphism <Arg>f</Arg>, that is, the subloop  of the loop <Code>Source( </Code><Arg>f</Arg><Code> )</Code> consisting of all elements <Code>x</Code> such that 
  <Code>x^f</Code> is the identity element of the loop <Code>Range( </Code><Arg>f</Arg><Code> )</Code>.
  The <Code>NC</Code> version does not check whether <Arg>f</Arg> is a loop homomorphism. 
</Returns>
 <Description>
<P/>
 </Description>
</ManSection>


<ManSection Label="AutoDoc_generated_group45">
<Heading>Natural homomorphism by congruence</Heading>
  <Oper Arg="C" Name="NaturalHomomorphismByCongruence" Label="for IsEquivalenceRelation"/>
  <Oper Arg="C" Name="NaturalHomomorphismByCongruenceNC" Label="for IsEquivalenceRelation"/>
 <Returns>the natural projection corresponding to the right quasigroup congruence <Arg>C</Arg>.  With <Code>Q = Source( </Code><Arg>C</Arg><Code> )</Code>, it returns the endomorphism <Code>f</Code> from <Code>Q</Code> to <Code>Q/</Code><Arg>C</Arg>
  such that <Code>x^f</Code> is the element of <Code>Q/</Code><Arg>C</Arg> containing <Code>x</Code> (as a congruence class).
  The <Code>NC</Code> version does not check whether <Arg>C</Arg> is a congruence.
</Returns>
 <Description>
<P/>
 </Description>
</ManSection>


<Example><![CDATA[
gap> Q := QuasigroupByFunction( [0..3], function(x,y) return (x-y) mod 4; end );;
gap> C := EquivalenceRelationByPartition( Q, [ [Q[0],Q[2]], [Q[1],Q[3]] ] );;
gap> f := NaturalHomomorphismByCongruence( C );
MappingByFunction( <quasigroup of size 4>, <quasigroup of size 2>, function( x ) ... end )
gap> UnderlyingSet( Range( f ) );
[ {q0}, {q1} ]
]]></Example>


<ManSection Label="AutoDoc_generated_group46">
<Heading>Natural homomorphism by normal subloop</Heading>
  <Oper Arg="Q, S" Name="NaturalHomomorphismByNormalSubloop" Label="for IsLoop, IsLoop"/>
  <Oper Arg="Q, S" Name="NaturalHomomorphismByNormalSubloopNC" Label="for IsLoop, IsLoop"/>
 <Returns>the natural projection from the loop <Arg>Q</Arg> to the factor loop <Arg>Q</Arg><Code>/</Code><Arg>S</Arg>.  The <Code>NC</Code> version does not check whether <Arg>S</Arg> is a normal subloop of <Arg>Q</Arg>.
</Returns>
 <Description>
<P/>
 </Description>
</ManSection>


<Example><![CDATA[
gap> Q := MoufangLoop( 12, 1 );
<Moufang loop 12/1>
gap> f := NaturalHomomorphismByNormalSubloop( Q, Subloop(Q, [Q.2,Q.3] ) );
MappingByFunction( <Moufang loop 12/1>, <Moufang loop of size 2>, function( x ) ... end )
]]></Example>


</Section>


<Section Label="Section_Isomorphs">
<Heading>Isomorphs of right quasigroups</Heading>

 <P/>If <Math>f:(Q,\cdot)\to (Q,*)</Math> is an isomorphism, then <Math>x*y = f(f^{-1}(x)\cdot f^{-1}(y))</Math> for
 all <Math>x,y\in Q</Math>, and <Math>(Q,*)</Math> is called an <Emph>isomorph</Emph><Index>isomorph</Index> of <Math>(Q,\cdot)</Math> via <Math>f</Math>.
 <P/>For the convenience of the reader, functions that construct isomorphs accept a wide variety
 of arguments representing mappings:
 <List>
 <Item>There are two mandatory arguments <Arg>Q</Arg> and <Arg>f</Arg> and two
 optional arguments <Arg>isCanonical</Arg> and <Arg>constructorStyle</Arg>. Any subset of the
 optional arguments can be given.</Item>
 <Item>The argument <Arg>Q</Arg> must be a right quasigroup, quasigroup or loop. The returned 
 algebra will have the same underlying set as <Arg>Q</Arg>.</Item>
 <Item>The argument <Arg>f</Arg> can be given as a right quasigroup mapping
 from <Arg>Q</Arg> to <Arg>Q</Arg> or as a canonical or parent permutation of <Arg>Q</Arg> or 
 as a bijective canonical or parent transformation of <Arg>Q</Arg>. (See Chapter <Ref Chap="Chapter_Mappings"/>.)</Item>
 <Item>If the optional argument <Arg>isCanonical</Arg> is given and set to <Code>true</Code>, the permutation/transformation
 <Arg>f</Arg> is interpreted as a canonical permutation/transformation,
 else it is by default interpreted as parent permutation/tranformation.</Item>
 <Item>See Section <Ref Sect="Section_OptionalArguments"/> for the optional argument <Arg>constructorStyle</Arg>.</Item>
 </List>
<ManSection Label="AutoDoc_generated_group47">
<Heading>Isomorphs</Heading>
  <Func Arg="Q, f[, isCanonical, constructorStyle]" Name="RightQuasigroupIsomorph" />
  <Func Arg="Q, f[, isCanonical, constructorStyle]" Name="QuasigroupIsomorph" />
  <Func Arg="Q, f[, isCanonical, constructorStyle]" Name="LoopIsomorph" />
 <Returns>the isomorph of the right quasigroup (quasigroup, loop) <Arg>Q</Arg> via <Arg>f</Arg>.  See above for conventions on the arguments. 
  An effort is made for the isomorph to inherit properties from <Code>Q</Code>.
</Returns>
 <Description>
<P/>
 </Description>
</ManSection>


<Example><![CDATA[
gap> Q1 := MoufangLoop( 12, 1 );
<Moufang loop 12/1>
gap> Q2 := LoopIsomorph( Q1, (3,4,5) ); # Other kinds of mappings are accepted. Note inherited properties.
<Moufang loop of size 12>
]]></Example>


</Section>


<Section Label="Chapter_Homomorphisms_isomorphisms_and_automorphisms_Section_Right_quasigroups_up_to_isomorphisms">
<Heading>Right quasigroups up to isomorphisms</Heading>

 <P/>To decide if two right quasigroups are isomorphic, &RightQuasigroups; first
 calculates some isomorphism invariants and a partition invariant under isomorphisms,
 and then determines if there is an isomorphisms that respects the partition.
<ManSection>
  <Oper Arg="Q" Name="IsomorphismDiscriminator" Label="for IsRightQuasigroup"/>
 <Returns>a data structure suitable for isomorphism searches from a right quasigroup <Code>Q</Code>.
</Returns>
 <Description>
<P/>
 </Description>
</ManSection>


<ManSection>
  <Oper Arg="dis1, dis2" Name="AreEqualIsomorphismDiscriminators" Label="for IsList, IsList"/>
 <Returns><Code>true</Code> if the two isomorphism discriminators <Code>dis1</Code>, <Code>dis2</Code> (each returned by <Code>IsomorphismDiscriminator</Code>)  are equal as discriminators, else returns <Code>false</Code>. If <Code>false</Code> is returned, the two
  disriminators correspond to right quasigroups that are not isomorphic. If <Code>true</Code> is returned,
  the corresponding right quasigroups might be isomorphic.
</Returns>
 <Description>
<P/>
 </Description>
</ManSection>


<ManSection Label="AutoDoc_generated_group48">
<Heading>IsomorphismRightQuasigroups, IsomorphismQuasigroups, IsomorphismLoops</Heading>
  <Oper Arg="Q1, Q2" Name="IsomorphismRightQuasigroups" Label="for IsRightQuasigroup, IsRightQuasigroup"/>
  <Oper Arg="Q1, Q2" Name="IsomorphismQuasigroups" Label="for IsQuasigroup, IsQuasigroup"/>
  <Oper Arg="Q1, Q2" Name="IsomorphismLoops" Label="for IsLoop, IsLoop"/>
 <Returns>an isomorphism between the right quasigroups (quasigroups, loops) <Code>Q1</Code> and <Code>Q2</Code>, if one exists,  else returns <Code>fail</Code>. If an isomorphism from <Code>Q1</Code> to <Code>Q2</Code> exists, it is returned as a right quasigroup mapping.
  See Chapter <Ref Chap="Chapter_Mappings"/> for conversion options of the returned mapping.
</Returns>
 <Description>
<P/>
 </Description>
</ManSection>


<Example><![CDATA[
gap> Q1 := RightQuasigroupByFunction( [0..9], function(x,y) return (x+2*y) mod 10; end );
<right quasigroup of size 10>
gap> Q2 := RightQuasigroupIsomorph( Q1, (3,4,5) );
<right quasigroup of size 10>
gap> IsomorphismRightQuasigroups( Q1, Q2 );
MappingByFunction( <right quasigroup of size 10>, <right quasigroup of size 10>, function( x ) ... end )
gap> AsCanonicalTransformation( last );
Transformation( [ 1, 2, 4, 5, 3 ] )
gap> AsPermutation( last );
(3,4,5)
]]></Example>


<ManSection Label="AutoDoc_generated_group49">
<Heading>Right quasigroups up to isomorphism</Heading>
  <Oper Arg="ls" Name="RightQuasigroupsUpToIsomorphism" Label="for IsList"/>
  <Oper Arg="ls" Name="QuasigroupsUpToIsomorphism" Label="for IsList"/>
  <Oper Arg="ls" Name="LoopsUpToIsomorphism" Label="for IsList"/>
 <Returns>a sublist of <Code>ls</Code> consisting of all right quasigroups (quasigroups, loops) in <Code>ls</Code> up to isomorphism.
</Returns>
 <Description>
<P/>
 </Description>
</ManSection>


<Example><![CDATA[
gap> Q1 := CheinLoop( SymmetricGroup( 3 ) );;
gap> Q2 := LoopIsomorph( Q1, (1,2) );;
gap> Q3 := AsLoop( CyclicGroup( 12 ) );;
gap> lps := LoopsUpToIsomorphism( [ Q1, Q2, Q3 ] );
[ <Moufang loop of size 12>, <associative loop of size 12> ]
gap> lps[1] = Q1; lps[2] = Q3;
true
true
]]></Example>


</Section>


<Section Label="Chapter_Homomorphisms_isomorphisms_and_automorphisms_Section_Automorphism_groups_of_right_quasigroups">
<Heading>Automorphism groups of right quasigroups</Heading>

<ManSection>
  <Attr Arg="Q" Name="AutomorphismGroup" Label="for IsRightQuasigroup"/>
 <Returns>the automorphism group of the right quasigroup <Code>Q</Code>  as a subgroup of the symmetric group on <Code>[1..Size(Parent(Q))]</Code>.
</Returns>
 <Description>
<P/>
 </Description>
</ManSection>


<Example><![CDATA[
gap> Q := MoufangLoop( 12, 1 );
<Moufang loop 12/1>
gap> AutomorphismGroup( Q );
Group([ (2,8)(4,12)(6,10), (2,9,10,4,11,8)(3,5)(6,7,12) ])
gap> S := Subloop( Q, [Q.3] );; ParentInd( S );
[ 1, 3, 5 ]
gap> AutomorphismGroup( S ); # consists of parent permutations
Group([ (3,5) ])
]]></Example>


</Section>


</Chapter>

