<?xml version="1.0" encoding="UTF-8"?>

<!-- This is an automatically generated file. -->
<Chapter Label="Chapter_Introduction">
<Heading>Introduction</Heading>

 <P/>&RightQuasigroups; is a package for &GAP; that supports calculations with finite
 right quasigroups, quasigroups, loops and various varieties of right quasigroups, such as racks and quandles.
 <P/>First time users should read Section <Ref Sect="Section_MainFeatures"/>, skim the rest of this chapter
 and look inside Chapter <Ref Chap="Chapter_Constructors"/> for examples on how right quasigroups are constructed.
 <P/>Most functions are intuitively named and can be traced in the manual from the index.
 <P/>Sections and subsections marked by * are for users who wish to understand the inner workings of the package.
<Section Label="Section_MainFeatures">
<Heading>Main features of the package</Heading>

 <P/><Emph>Representation</Emph><Br/>
 Right quasigroups, quasigroups and loops are represented as a subcategory of magmas in &GAP;.
 See Section <Ref Sect="Section_Categories"/> for more technical details and Section <Ref Sect="Section_Displaying"/>
 for how right quasigroups and their elements are displayed.
 <P/><Emph>Underlying set</Emph><Br/>
 Every right quasigroup has &GAP; elements and also has an underlying set.
 The underlying set is used to display &GAP; elements nicely and in Cayley tables. Furthermore,
 the underlying set plays an important role in right quasigroups that are not index based (see below)
 because the multiplication operation is then based on the underlying set.
 For index based right quasigroups, the underlying set is cosmetic and can be changed.
 See Section <Ref Sect="Section_UnderlyingSet"/>.
 <P/><Emph>Arithmetic operations</Emph><Br/>
 Right quasigroups come equipped with the arithmetic operations of multiplication and right division.
 Quasigroups have additionally a left division operation, and loops have also a neutral element with respect
 to multiplication. See Section <Ref Sect="Section_Elementwise"/>.
 <P/><Emph>Index based and non-index based right quasigroups</Emph><Br/>
 Every right quasigroup is constructed either as an <Index>index based right quasigroup</Index>
 <Emph>index based</Emph> right quasigroup or as a right quasigroup that is not index based. Generally speaking,
 index based right quasigroups take longer to construct, cannot be very large (thousands of
 elements) and can be calculated with fast, while non-index based right quasigroups are constructed quickly,
 can be very large (millions of elements) but only basic methods will work for them. The fundamental piece
 of data for index based right quasigroups is the multiplication table, while for non-index based
 right quasigroups it is the multiplication function on the underlying set. See Section
 <Ref Sect="Section_IndexBased"/>.
 <P/>Most constructors accept an optional argument that determines whether the resulting right
 quasigroup will be index based and whether arguments will be checked. By default, the resulting right quasigroups
 will be index based and arguments will not be checked (!). See Chapter <Ref Chap="Chapter_Constructors"/>.
 <P/><Emph>Parent</Emph><Br/>
 The parent mechanism is employed in &GAP; and in &RightQuasigroups; to save memory and to take advantage of
 the containment of subalgebras in their enveloping algebras. An element of a right quasigroup <Code>Q</Code> knows into
 which parent right quasigroup it belongs and it therefore has access to all data stored in the parent quasigroup.
 See Sections <Ref Sect="Section_Parent"/> and <Ref Sect="Section_Direct"/>.
 <P/><Emph>Mappings</Emph><Br/>
 &RightQuasigroups; uses three kinds of mappings: &GAP; mappings, transformations, and
 permutations. Transformations that represent mappings between two right quasigroups, as well as permutations
 that represent bijective mappings on a right quasigroup, are indexed either with respect to the order of elements in the
 source and range quasigroups (so called <Emph>canonical tranformations</Emph> and <Emph>canonical permutations</Emph>)
 or with respect to their parents (so called <Emph>parent tranformations</Emph> and <Emph>parent permutations</Emph>).
 See Chapter <Ref Chap="Chapter_Mappings"/>.
 <P/>The package works with parent permutations as much as possible, cf. Chapter <Ref Chap="Chapter_PermGroups"/>.
 But canonical permutations are useful in the context of multiplication tables, and transformations are useful for left translations
 of right quasigroups, for instance. 
 <P/><Emph>Info class</Emph><Br/>
 The info class for the package is called <Code>InfoRightQuasigroups</Code> and its initial value is set to 1,
 which will only print information on tasks that are assumed to take a long time to execute, such as reading
 and initializing a large data file. The user can prevent all messages from &RightQuasigroups; by calling
 <Code>SetInfoLevel( InfoRightQuasigroups, 0 )</Code>. On the other hand, setting the info level higher for
 <Code>InfoRightQuasigroups</Code> might result in additional messages.
 <P/><Emph>Global variables</Emph><Br/>
 Finally, global variables and auxiliary functions in &RightQuasigroups; start with the prefix <Code>RQ_</Code>
 and they are not fully documented in this manual. More information on these functions
 can be found in the declaration files <Code>gap\*.gd</Code>.
</Section>


<Section Label="Section_Categories">
<Heading>Categories and representations for right quasigroups, quasigroups and loops</Heading>

 <P/>Given a magma <Math>(Q,\cdot)</Math> and <Math>x\in Q</Math>, the <Emph>right translation</Emph><Index Subkey="right">translation</Index>
 by <Math>x</Math> in <Math>Q</Math> is the mapping <Math>R_x:Q\to Q</Math> defined by <Math>R_x(y)=yx</Math>, while the <Emph>left translation</Emph>
 <Index Subkey="left">translation</Index> by <Math>x</Math> in <Math>Q</Math> is the mapping <Math>L_x:Q\to Q</Math> defined by <Math>L_x(y)=xy</Math>.
 The binary operation <Math>\cdot</Math> will be referred to as <Emph>multiplication</Emph><Index>multiplication</Index>.
 <P/>A magma <Math>(Q,\cdot)</Math> is a <Emph>right quasigroup</Emph><Index Subkey="right">quasigroup</Index>
 if for every <Math>x\in Q</Math> the right translation <Math>R_x</Math> is a permutation of <Math>Q</Math>. We
 then denote <Math>R_x^{-1}(y)</Math> by <Math>y/x</Math> and refer to <Math>/</Math> as <Emph>right division</Emph><Index Subkey="right">division</Index>.
 <P/>Dually, a magma <Math>(Q,\cdot)</Math> is a <Emph>left quasigroup</Emph><Index Subkey="left">quasigroup</Index>
 if for every <Math>x\in Q</Math> the left translation <Math>L_x</Math> is a permutation of <Math>Q</Math>. We
 then denote <Math>L_x^{-1}(y)</Math> by <Math>x\backslash y</Math> and refer to <Math>\backslash</Math> as <Emph>left division</Emph><Index Subkey="left">division</Index>.
 <P/>If <Math>(Q,\cdot)</Math> is both a right quasigroup and a left quasigroup, it is a <Emph>quasigroup</Emph><Index>quasigroup</Index>.
 <P/>A <Emph>loop</Emph><Index>loop</Index> is a quasigroup <Math>(Q,\cdot)</Math> with a neutral element
 <Math>e\in Q</Math> satisfying <Math>x\cdot e=x=e\cdot x</Math> for every <Math>x\in Q</Math>.
 <P/>In &GAP;, right quasigroups and their elements are constructs that mimic the mathematical objects. The set 
 on which a right quasigroup is based is called the <Emph>underlying set</Emph><Index>underlying set</Index>,
 cf. Section <Ref Sect="Section_Displaying"/>.
 <P/>From a universal-algebraic point of view, right quasigroups, quasigroups and loops have different signatures, which is
 why there are separate, nested representations for the three kinds of algebras and their elements.
<ManSection Label="RightQuasigroupCategory">
<Heading>Categories and representations for right quasigroup elements and right quasigroups</Heading>
  <Filt Arg="object" Name="IsRightQuasigroupElement" Label="for IsMultiplicativeElement"/>
  <Filt Arg="object" Name="IsRightQuasigroupElmRep" Label="for IsPositionalObjectRep and IsMultiplicativeElement"/>
  <Filt Arg="object" Name="IsRightQuasigroup" Label="for IsMagma and IsRightQuasigroupAux"/>
 <Returns><Code>true</Code> or <Code>false</Code>.
</Returns>
 <Description>
<P/>
 </Description>
</ManSection>


 <P/>These are the &GAP; categories and representations for right quasigroup elements and right quasigroups.
 <Code>IsRightQuasigroupElement</Code> is contained in the filter <Code>IsMultiplicativeElement</Code>,
 <Code>IsRightQuasigroupElmRep</Code> is contained in the filters <Code>IsPositionalObjectRep</Code>
 and <Code>IsMultiplicativeElement</Code>, and <Code>IsRightQuasigroup</Code> is contained in the
 filter <Code>IsMagma</Code>.
<ManSection Label="QuasigroupCategory">
<Heading>Categories and representations for quasigroup elements and quasigroups</Heading>
  <Filt Arg="object" Name="IsQuasigroupElement" Label="for IsRightQuasigroupElement and IsQuasigroupElementAux"/>
  <Filt Arg="object" Name="IsQuasigroupElmRep" Label="for IsPositionalObjectRep and IsMultiplicativeElement"/>
  <Filt Arg="object" Name="IsQuasigroup" Label="for IsRightQuasigroup and IsQuasigroupAux"/>
 <Returns><C>true</C> or <C>false</C>
</Returns>
 <Description>
<P/>
 </Description>
</ManSection>


 <P/>These are the &GAP; categories and representations for quasigroup elements and quasigroups.
 <Code>IsQuasigroupElement</Code> is contained in the filter <Code>IsRightQuasigroupElement</Code>,
 <Code>IsQuasigroupElmRep</Code> is contained in the filters <Code>IsPositionalObjectRep</Code>
 and <Code>IsMultiplicativeElement</Code>, and <Code>IsQuasigroup</Code> is contained in the
 filter <Code>IsRightQuasigroup</Code>.
<ManSection Label="LoopCategory">
<Heading>Categories and representations for loop elements and loops</Heading>
  <Filt Arg="object" Name="IsLoopElement" Label="for IsQuasigroupElement and IsMultiplicativeElementWithInverse"/>
  <Filt Arg="object" Name="IsLoopElmRep" Label="for IsPositionalObjectRep and IsMultiplicativeElementWithInverse"/>
  <Filt Arg="object" Name="IsLoop" Label="for IsQuasigroup and IsMultiplicativeElementWithInverseCollection"/>
 <Returns><C>true</C> or <C>false</C>
</Returns>
 <Description>
<P/>
 </Description>
</ManSection>


 <P/>These are the &GAP; categories and representations for loop elements and loops.
 <Code>IsLoopElement</Code> is contained in the filters <Code>IsQuasigroupElement</Code> and
 <Code>IsMultiplicativeElementWithInverse</Code>, 
 <Code>IsLoopElmRep</Code> is contained in the filters <Code>IsPositionalObjectRep</Code>
 and <Code>IsMultiplicativeElementWithInverse</Code>, and <Code>IsLoop</Code> is contained in the
 filters <Code>IsQuasigroup</Code> and <Code>IsMultiplicativeElementWithInverseCollection</Code>.
 <P/>Note that these declarations do not imply that every loop element has an inverse. 
<ManSection>
  <Oper Arg="obj" Name="CategoryOfRightQuasigroup" Label="for IsRightQuasigroup"/>
 <Returns>If the argument is a right quasigroup, returns the smallest  category from among <Code>IsRightQuasigroup</Code>, <Code>IsQuasigroup</Code> and <Code>IsLoop</Code> into which the right quasigroup belongs.
  If the argument is a list of right quasigroups, returns the the smallest
  category from among <Code>IsRightQuasigroup</Code>, <Code>IsQuasigroup</Code> and <Code>IsLoop</Code> into which all the right quasigroups
  on the list belong.
</Returns>
 <Description>
All declared right quasigroups, quasigroups and loops belong to the filter <Code>IsRightQuasigroup</Code>.
 It is often useful to know if a right quasigroup is in fact declared as a quasigroup or a loop,
 which is what the above method furnishes.
 </Description>
</ManSection>


<Example><![CDATA[
gap> Q := QuasigroupByCayleyTable( [[0,1],[1,0]] ); # declared quasigroup, in fact a group mathematically
<quasigroup of size 2>
gap> [ IsMagma( Q ), IsRightQuasigroup( Q ), IsQuasigroup( Q ), IsLoop( Q ), IsGroup( Q ) ];
[ true, true, true, false, false ]
gap> CategoryOfRightQuasigroup( Q );
<Category "IsQuasigroup">
gap> CategoryOfRightQuasigroup( [ Q, ProjectionRightQuasigroup( 5 ) ] ); # common category
<Category "IsRightQuasigroup">
]]></Example>


</Section>


<Section Label="Section_Displaying">
<Heading>Displaying right quasigroups and their elements</Heading>

<Subsection Label="Chapter_Introduction_Section_Displaying_right_quasigroups_and_their_elements_Subsection_Displaying_right_quasigroups_quasigroups_and_loops">
<Heading>Displaying right quasigroups, quasigroups and loops</Heading>

 <P/>The standard <Code>ViewObj</Code> function is implemented for right quasigroups <Code>Q</Code> 
 and it always displays at least the size of <Code>Q</Code>, namely <Code>&lt;right quasigroup of size n&gt;</Code>, 
 <Code>&lt;quasigroup of size n&gt;</Code> or <Code>&lt;loop of size n&gt;</Code>, depending on whether <Code>Q</Code>
 is declared as a right quasigroup, quasigroup or loop.
 When additional properties of <Code>Q</Code> become known, one of the strongest properties of <Code>Q</Code> is displayed,
 e.g., <Code>&lt;associative loop of order n&gt;</Code>.
 Library objects are displayed with their catalog numbers, e.g., <Code>&lt;Moufang loop 64/12&gt;</Code>.
 <P/>Likewise, the standard <Code>PrintObj</Code> function is implemented for right quasigroups. It displays
 in addition up to the first 5 elements of the underlying set of <Code>Q</Code>.
<Example><![CDATA[
gap> Q := QuasigroupByCayleyTable( [[0,1],[1,0]] );
<quasigroup of size 2>
gap> IsAssociative( Q );
true
gap> Q;
<associative quasigroup of size 2>
gap> Print( AsLoop( SymmetricGroup( 4 ) ) );
<associative loop of size 24 on (), (3,4), (2,3), (2,3,4), (2,4,3), ...>
]]></Example>


</Subsection>


<Subsection Label="Chapter_Introduction_Section_Displaying_right_quasigroups_and_their_elements_Subsection_Displaying_right_quasigroup_elements">
<Heading>Displaying right quasigroup elements</Heading>

 <P/>The <Code>PrintObj</Code> function is implemented to display elements of right quasigroups.
 By default, if <Code>Q</Code> is a right quasigroup and <Code>x</Code> is an element of the underlying set of
 <Code>Q</Code> then the corresponding element of <Code>Q</Code> is displayed as <Code>rx</Code>, <Code>qx</Code>
 or <Code>lx</Code>, depending on whether <Code>Q</Code> is declared as a right quasigroup, a quasigroup or a loop.
</Subsection>


<ManSection Label="AutoDoc_generated_group87">
<Heading>Changing the name of right quasigroup elements</Heading>
  <Oper Arg="Q, s" Name="SetRightQuasigroupElementsName" Label="for IsRightQuasigroup, IsString"/>
  <Oper Arg="Q, s" Name="SetQuasigroupElementsName" Label="for IsQuasigroup, IsString"/>
  <Oper Arg="Q, s" Name="SetLoopElementsName" Label="for IsLoop, IsString"/>
 <Returns><Code>true</Code>.
</Returns>
 <Description>
 Changes the name of all elements of the parent of <Arg>Q</Arg> for the purposes of displaying so that the name
 of every element starts with the prefix (string) <Arg>s</Arg>. Note that it is possible to change the
 prefix to an empty string, in which case the elements of the parent of <Arg>Q</Arg> will be displayed
 exactly as the elements of the underlying set; this improves legibility but might lead to confusion.
<P/>
 </Description>
</ManSection>


<Example><![CDATA[
gap> Q := AsLoop( Group( (1,2) ) );
<associative loop of size 2>
gap> Elements( Q );
[ l(), l(1,2) ]
gap> SetLoopElementsName( Q, "g" );; Elements( Q );
[ g(), g(1,2) ]
gap> SetLoopElementsName( Q, "" );; Elements( Q ); # better legibility but perhaps confusing
[ (), (1,2) ]
gap> IsPerm( last[1] );
false
]]></Example>


</Section>


<Section Label="Section_UnderlyingSet">
<Heading>The underlying set</Heading>

 <P/>Every right quasigroup <Code>Q</Code> consists of &GAP; elements returned via <Code>Elements( Q )</Code>.
 In addition, every right quasigroup also has an underlying set accesible via <Code>UnderlyingSet( Q )</Code>.
 The underlying set is used in displaying &GAP; elements of right quasigroups
 (cf. Section <Ref Sect="Section_Displaying"/>)
 and in Cayley tables (cf. Section <Ref Sect="Section_Cayley"/>).
 <P/>If a right quasigroup is not index based (cf. Section <Ref Sect="Section_IndexBased"/>), then
 the underlying set plays a critical role since its elements are used as arguments of the
 multiplication function. In non-index based right quasigroups the underlying set is merely
 cosmetic and can be changed at any time.
<ManSection>
  <Oper Arg="obj" Name="UnderlyingSetElm" Label="for IsRightQuasigroupElement"/>
 <Returns>If <Arg>obj</Arg> is a right quasigroup element, returns the corresponding element  of the underlying set. If <Arg>obj</Arg> is a list of right quasigroup elements (possibly
  from different right quasigroups), returns the list of the corresponding elements
  of the underlying set. If <Arg>obj</Arg> is a right quasigroup, returns the underlying set
  of <Arg>obj</Arg>.
</Returns>
 <Description>
<P/>
 </Description>
</ManSection>


<ManSection>
  <Oper Arg="Q" Name="UnderlyingSet" Label="for IsRightQuasigroup"/>
 <Returns>the underlying set of the right quasigroup <Arg>Q</Arg>. Note that <Code>UnderlyingSet( </Code><Arg>Q</Arg><Code> )</Code>  has the same effect as <Code>UnderlyingSetElm( </Code><Arg>Q</Arg><Code> )</Code>.
</Returns>
 <Description>
<P/>
 </Description>
</ManSection>


<ManSection>
  <Oper Arg="Q, S" Name="ChangeUnderlyingSet" Label="for IsRightQuasigroup, IsCollection"/>
 <Returns><Code>true</Code>.
</Returns>
 <Description>
If <Arg>Q</Arg> is a right quasigroup that is index based and its own parent,
 <Code>ChangeUnderlyingSet( </Code><Arg>Q</Arg><Code>, </Code><Arg>S</Arg><Code> )</Code> changes the underlying set of <Arg>Q</Arg> to <Arg>S</Arg>.
 If the Cayley table of <Arg>Q</Arg> was previously stored, it will be automtically recalculated.
 The argument <Arg>S</Arg> must be a collection and it is internally sorted.
 <P/>Note that is it not possible to change the underlying set of a non-index based right quasigroup
 because the multiplication function then depends on the underlying set and it would have to be changed as well.
 In addition, we do not support changing the underlying set for a single element or for a list of elements
 because the underlying set of a parent quasigroup is sorted and the order might not be maintained
 by local changes.
 </Description>
</ManSection>


<Example><![CDATA[
gap> Q := AsLoop( SymmetricGroup( 3 ) );;
gap> UnderlyingSetElm( Q.1 );
()
gap> UnderlyingSet( Q );
[ (), (2,3), (1,2), (1,2,3), (1,3,2), (1,3) ]
gap> ChangeUnderlyingSet( Q, ['a','b','c','d','e','f'] );
true
gap> UnderlyingSet( Q );
"abcdef"
gap> CayleyTable( Q );
[ "abcdef", "badcfe", "ceafbd", "dfbeac", "ecfadb", "fdebca" ]
]]></Example>


</Section>


<Section Label="Section_Elementwise">
<Heading>Accessing elements and elementwise right quasigroup operations</Heading>

 <P/>The <Math>i</Math>th element of a right quasigroup <Code>Q</Code> can be obtained by <Code>Elements( Q )[ i ]</Code>.
 <P/>The <Math>i</Math>th element of the parent <Code>Parent( Q )</Code> or a right quasigroup <Code>Q</Code> can be obtained
 by <Code>Q.i</Code> (see Section <Ref Sect="Section_Parent"/>). Note that <Code>Q.i</Code> need not be the same element
 as <Code>Elements( Q )[ i ]</Code>, in fact, it need not even be an element of <Code>Q</Code>.
 <P/>Finally, if <Code>x</Code> is an element of the underlying set of <Code>Parent( Q )</Code>, the corresponding
 element of <Code>Parent( Q )</Code> is obtained by <Code>Q[x]</Code>. Note that <Code>Q[x]</Code> therefore need not 
 be an element of <Code>Q</Code>.
 <P/>The product of two right quasigroup elements <Code>x</Code> and <Code>y</Code> is obtained by <Code>x*y</Code>. 
 The right quotient of <Code>x</Code> and <Code>y</Code> is obtained via <Code>x/y</Code>, <Code>RightQuotient( x, y )</Code> or <Code>RightDivision( x, y )</Code>.
 In case of quasigroups, the left division is obtained via <Code>LeftQuotient( x, y )</Code> or <Code>LeftDivision( x, y )</Code>
 but not by <Code>x\y</Code> since <Code>\</Code> is not supported in &GAP; as a binary operation symbol.
 <P/>For each of these operations, one of the two arguments can be a list of right quasigroup elements
 or a right quasigroup, in which case the corresponding list is returned. We allow <Code>x*Q</Code> etc even if
 <Code>x</Code> is an element of <Code>Parent(Q)</Code>, not necessarily an element of <Code>Q</Code>.
<ManSection>
  <Oper Arg="x,y" Name="RightQuotient" Label="for IsRightQuasigroupElement, IsRightQuasigroupElement"/>
 <Returns>the right quotient of right quasigroup elements <Arg>x</Arg> and <Arg>y</Arg>, that is, the unique element  <Code>z</Code> such that <Arg>x</Arg><Code> = z*</Code><Arg>y</Arg>. The synonym <Code>RightDivision( </Code><Arg>x</Arg><Code>, </Code><Arg>y</Arg><Code> )</Code>
  is also supported.
</Returns>
 <Description>
<P/>
 </Description>
</ManSection>


<ManSection>
  <Oper Arg="x,y" Name="LeftQuotient" Label="for IsQuasigroupElement, IsQuasigroupElement"/>
 <Returns>the left quotient of quasigroup elements <Arg>x</Arg> and <Arg>y</Arg>, that is, the unique element  <Code>z</Code> such that <Arg>y</Arg><Code> = </Code><Arg>x</Arg><Code>*z</Code>. The synonym <Code>LeftDivision( </Code><Arg>x</Arg><Code>, </Code><Arg>y</Arg><Code> )</Code>
  is also supported.
</Returns>
 <Description>
<P/>
 </Description>
</ManSection>


<ManSection Label="AutoDoc_generated_group88">
<Heading>Inverses in loops</Heading>
  <Attr Arg="Q" Name="One" Label="for IsLoopElement"/>
  <Attr Arg="x" Name="RightInverse" Label="for IsLoopElement"/>
  <Attr Arg="x" Name="LeftInverse" Label="for IsLoopElement"/>
 <Description>
<P/>
 </Description>
</ManSection>


 <P/>In a loop <Code>Q</Code>, the neutral element is returned by <Code>One( Q )</Code>. Note that the neutral
 element need not be the first element <Code>Elements( Q )[ 1 ]</Code> of <Code>Q</Code>.
 <P/>If <Code>e</Code> is the neutral element of <Code>Q</Code>, then for every <Code>x</Code> in <Code>Q</Code>
 there are <Code>y</Code> and <Code>z</Code> in <Code>Q</Code> such that <Code>x*y = z*x = e</Code>. The element
 <Code>y</Code> is the <Index>right inverse</Index><Emph>right inverse</Emph> of <Code>x</Code> and is returned by
 <Code>RightInverse( x )</Code>. Dually, the element <Code>z</Code> is the <Index>left inverse</Index><Emph>left inverse</Emph>
 of <Code>x</Code> and is returned by <Code>LeftInverse( x )</Code>.
 <P/>If the two inverses of <Code>x</Code> coincide, the <Index>two-sided inverse</Index><Emph>two-sided inverse</Emph>
 of <Code>x</Code> is returned by <Code>Inverse(x)</Code> or by <Code>x^-1</Code>. 
<Subsection Label="Chapter_Introduction_Section_Accessing_elements_and_elementwise_right_quasigroup_operations_Subsection_Powers_order_and_exponent">
<Heading>Powers, order and exponent</Heading>

 <P/>Products without specified parentheses are evalutated from left to right, i.e., <Code>x*y*z = (x*y)*z</Code>.
 <P/> A magma <Code>M</Code> is said to be <Index>power associative</Index><Emph>power associative</Emph> if for every <Code>x</Code> in <Code>M</Code>
 the submagma generated by <Code>x</Code> is a group. In particular, powers <Code>x^n</Code> are well-defined in power
 associative magmas. Even if <Code>M</Code> is not power-associative, <Code>x^n</Code> with positive <Code>n</Code> returns the element
 of <Code>M</Code> obtained from the binary expansion of the exponent <Code>n</Code>.
 <P/>If <Code>M</Code> is a magma with neutral element <Code>e</Code> and <Code>x</Code> is an element of <Code>M</Code>, then <Code>Order( x )</Code> returns
 the smallest nonnegative integer <Code>n</Code> such that <Code>x^n=e</Code>, if possible, else returns <Code>fail</Code>. Note that
 in view of the above remarks, <Code>Order( x )</Code> always returns a nonnegative integer if <Code>x</Code> is an element 
 of a finite loop.
 <P/>The exponent <Code>Exponent( Q )</Code> returns the smallest nonnegative integer <Code>n</Code> such that <Code>x^n</Code> is 
 the neutral element of <Code>Q</Code>, if such an integer exists, else it returns <Code>fail</Code>. Note again that
 <Code>Exponent( Q )</Code> will never fail for a finite loop <Code>Q</Code> in &RightQuasigroups;, even if <Code>Q</Code> is not
 power associative.
 <P/>If <Code>n</Code> is negative and <Code>x</Code> has a two-sided inverse, then <Code>x^n</Code> is calculated as <Code>(x^(-1))^(-n)</Code>.
</Subsection>


<ManSection>
  <Oper Arg="x, y" Name="Commutator" Label="for IsRightQuasigroupElement, IsRightQuasigroupElement"/>
 <Returns>the commutator of <Code>x</Code> and <Code>y</Code>, that is, the unique element  <Code>z = (x*y)/(y*x)</Code> satisfying <Code>x*y = z*(y*x)</Code>. This is a logical choice for the
  elementwise commutator in right quasigroups.
</Returns>
 <Description>
<P/>
 </Description>
</ManSection>


 <P/>Group-like commutators are obtained via <Code>Comm( x, y )</Code>. If <Code>x</Code> and <Code>y</Code> are
 quasigroup elements, <Code>Comm( x, y )</Code> returns the
 unique element <Code>z = LeftQuotient( y*x, x*y )</Code> that satisfies <Code>x*y = (y*x)*z</Code>. When
 the underlying quasigroup is a loop with two-sided inverses in which
 the antiautomorphic inverse property <Math>(xy)^{-1}=y^{-1}x^{-1}</Math> and the
 left inverse property <Math>x^{-1}(xy) = y</Math> hold, then
 <Code>Comm( x, y )</Code> coincides with the &GAP; commutator <Code>x^(-1)*y^(-1)*x*y</Code>.
<ManSection>
  <Oper Arg="x, y, z" Name="Associator" Label="for IsRightQuasigroupElement, IsRightQuasigroupElement, IsRightQuasigroupElement"/>
 <Returns>the associator of <Code>x</Code>, <Code>y</Code> and <Code>z</Code>, that is, the unique element  <Code>u = (x*(y*z))/((x*y)*z)</Code> satisfying <Code>x*(y*z) = u*((x*y)*z)</Code>.
</Returns>
 <Description>
<P/>
 </Description>
</ManSection>


</Section>


<Section Label="Section_Examples">
<Heading>First examples</Heading>

 Arithmetic operations in right quasigroups (quasigroup, loops) are carried out either via tables or via functions,
 depending on whether the algebra in question is index based or not. See Section <Ref Sect="Section_IndexBased"/>
 for more information on index based versus non-index based right quasigroups, Section <Ref Sect="Section_Cayley"/>
 for details on multiplication tables and Cayley tables, and Section <Ref Sect="Section_Function"/> for details
 on how functions are used as arithmetic operations. 
 <P/>Chapter <Ref Chap="Chapter_Constructors"/> contains a comprehensive list of right quasigroup constructors.
 Here we present two examples, starting with a right quasigroup constructor based on a multiplication function.
<Example><![CDATA[
gap> Q := RightQuasigroupByFunction( [0..3], function( x,y ) return (x+2*y) mod 4; end ); # index based by default
<right quasigroup of size 4>
gap> UnderlyingSet( Q );
[ 0, 1, 2, 3 ]
gap> Elements( Q ); # default prefix "r" is assigned to right quasigroup elements
[ r0, r1, r2, r3 ]
gap> Display( CayleyTable( Q ) ); # based on the underlying set
[ [  0,  2,  0,  2 ],
  [  1,  3,  1,  3 ],
  [  2,  0,  2,  0 ],
  [  3,  1,  3,  1 ] ]
gap> Display( MultiplicationTable( Q ) ); # based on [1..n], here [1..4]
[ [  1,  3,  1,  3 ],
  [  2,  4,  2,  4 ],
  [  3,  1,  3,  1 ],
  [  4,  2,  4,  2 ] ]
gap> mult := MultiplicationFunction( Q ); # based on [1..n] since Q is index based
function( i, j ) ... end
gap> mult( 1, 1 );
1
gap> [ Elements( Q )[ 1 ], Q.1, Q[0] ]; # three ways of accessing elements
[ r0, r0, r0 ]
gap> Q[0]*Q[1];
r2
gap> Q[0]/Q[2]; # RightQuotient and RightDivision are also supported
r0
]]></Example>


 <P/>If, as in the above example, 
 the remaining operations (right division, left division, neutral element) are not provided
 by the user, they are automatically inferred from the given multiplication function depending on the type of
 algebra under construction. This might (and typically will) lead to slower division operations
 in the non-index based case. For instance, if only the multiplication function for
 a right quasigroup <Code>Q</Code> is given and <Code>Q</Code> is not index based, then the right quotient <Code>x/y</Code> is obtained 
 by locating the first (and only) element <Code>z</Code> of <Code>Q</Code> such that <Code>x = z*y</Code>; this is slow when <Code>Q</Code> is large.
 <P/>Here is an example of a loop constructor based on a Cayley table. The underlying set
 is automatically understood to be the sorted list of elements contained in the first column of the Cayley table.
<Example><![CDATA[
gap> Q := LoopByCayleyTable( [["a", "b"], ["b", "a"]], ConstructorStyle( false, false ) ); # not index based, arguments not checked
<loop of size 2>
gap> UnderlyingSet( Q ); 
[ "a", "b" ]
gap> Elements( Q ); # default prefix "l" is assigned to loop elements
[ la, lb ]
gap> mult := MultiplicationFunction( Q ); # based on the underlying set since Q is not index based
function( x, y ) ... end
gap> mult( "a", "b" );
"b"
gap> One( Q );
la
gap> Commutator( Q["a"], Q["b"] );
la
gap> Associator( Q.1, Q.1, Q.2 );
la
gap> LeftQuotient( Q.1, Q.2 ); # LeftDivision is also supported
lb
]]></Example>


 <P/>Note that right quasigroups that happen to be quasigroups and/or loops mathematically must be explicitly
 declared as such in &GAP; to make quasigroup and/or loop methods available to them. For instance,
 the above loop of size 2 is in fact an associative loopp (that is, a group),
 but it will not be automatically recognized as a group by &GAP;. There are methods
 provided that check if a given right quasigroup is mathematically a quasigroup or a loop,
 cf. Section <Ref Sect="Section_Converting"/>.
</Section>


<Section Label="Section_Parent">
<Heading>The parent right quasigroup</Heading>

 <P/>The parent mechanism is employed in &GAP; and in &RightQuasigroups; to save memory and to take advantage of
 the containment of subalgebras in the enveloping algebras. The <Index>parent</Index>parent <Code>Parent( Q )</Code> of
 a right quasigorup <Code>Q</Code> is the largest right quasigroup from which <Code>Q</Code> has been constructed
 as a subalgebra. In more detail, if <Code>Q</Code> is constructed as a subalgebra of a right quasigroup
 <Code>P</Code> then <Code>Parent( Q ) = Parent( P )</Code>, while if <Code>Q</Code> is not constructed
 as a subalgebra of some right quasigroup then <Code>Parent( Q ) = Q</Code>.
 <P/>Right quasigroup elements are created automatically every time a new right quasigroup
 is constructed, with one exception: When <Code>Q</Code> is constructed as a subalgebra then the
 elements of <Code>Q</Code> are inherited from <Code>Parent( Q )</Code>. In particular,
 if <Code>x</Code> is any element of <Code>Q</Code> then <Code>F = FamilyObj( x )</Code> points to <Code>Parent( Q )</Code>
 and many attributes of <Code>Parent( Q )</Code> can be accessed via <Code>F</Code> (see Section <Ref Sect="Section_Direct"/>). 
<Example><![CDATA[
gap> Q := RightQuasigroupByFunction([0..5], function(x,y) return (x+y) mod 6; end );; Elements( Q ); 
[ r0, r1, r2, r3, r4, r5 ]
gap> A := Subrightquasigroup( Q, [2] );
<right quasigroup of size 3>
gap> Elements( A );
[ r0, r2, r4 ]
gap> Parent( A ) = Q;
true;
gap> Elements( A )[ 3 ]; # the 3rd element of A
r4
gap> A.3; # the 3rd element of the parent of A
r3
gap> A[4]; # the element of parent of A corresponding to the given underlying element
r4
gap> Display( CayleyTable( A ) );
[ [  0,  2,  4 ],
  [  2,  4,  0 ],
  [  4,  0,  2 ] ]
gap> Display( MultiplicationTable( A ) );
[ [  1,  2,  3 ],
  [  2,  3,  1 ],
  [  3,  1,  2 ] ]
]]></Example>


</Section>


<Section Label="Section_IndexBased">
<Heading>Index based and canonical right quasigroups</Heading>

 <P/>Every right quasigroup <Code>Q</Code> is constructed either as an <Index>index based right quasigroup</Index>
 <Emph>index based</Emph> right quasigroup or as a right quasigroup that is not index based.
 <P/>Generally speaking, index based right quasigroups take longer to construct, cannot be very large (thousands of
 elements) and can be calculated with fast, while non-index based right quasigroups are constructed quickly,
 can be very large (millions of elements) but only basic methods will work for them.
 <P/>If <Code>Q</Code> is an index based right quasigroup of size <Math>n</Math>,
 then the multiplication and divisions in <Code>Q</Code> are carried out via multiplication and division tables. The multiplication
 and division functions might then be present as functions <Math>[1..n]\times[1..n]\to[1..n]</Math> but they are not directly involved
 in carrying out arithmetic operations.
 <P/>If <Code>Q</Code> is a non-index based right quasigroup on the underlying set <Math>S</Math>,
 then the multiplication and divisions in <Code>Q</Code> are carried out via multiplication and division functions <Math>S\times S\to S</Math>.
 The multiplication and division tables might then be present but they are not directly involved
 in carrying out arithmetic operations.
 <P/>In more details, if <Code>Q</Code> is a right quasigroup with parent <Code>P</Code> of size <Math>n</Math>, 
 <Code>x</Code> is an an element of <Code>Q</Code> and <Code>F=FamilyObj( x )</Code>, then:
 <List>
 <Item>If <Code>Q</Code> is index based:
      <List>
      <Item><Code>x![1]</Code> is the position of <Code>x</Code> among the elements of <Code>P</Code>, i.e.,
          the index of <Code>x</Code> (see below),</Item>
      <Item>the multiplication table of <Code>P</Code> is precalculated and stored as F!.multTable (the attribute
          <Code>MultiplicationTable( Q )</Code> is set when requested for the first time),</Item>
      <Item>the division tables of <Code>P</Code> are calculated and stored at first usage of the respective divisions,</Item>
      <Item>the multiplication and division functions of <Code>P</Code>, if present, are functions
          <Math>[1..n]\times[1..n]\to [1..n]</Math> but all arithmetic operations are handled via tables,</Item>
      <Item>the fundamental piece of data is <Code>F!.multTable</Code>, the multiplication table of <Code>P</Code>.</Item>
      </List>
 </Item>
 <Item>If <Code>Q</Code> is not index based:
      <List>
      <Item><Code>x![1]</Code> is the element of the underlying set <Math>S</Math> of <Code>Q</Code> corresponding to <Code>x</Code>,</Item>
      <Item>the mutliplication and division tables of <Code>P</Code> are not precalculated,</Item>
      <Item>the multiplication and division functions of <Code>P</Code> are possibly slow functions <Math>S\times S\to S</Math>, 
          often based on some additional data provided by the user in the constructor,</Item>
      <Item>the fundamental piece of data is <Code>F!.mult</Code>, the multiplication function of <Code>P</Code>.</Item>
      </List>
 </Item>
 </List>
 <P/>A right quasigroup of size <Math>n</Math> is said to be <Index>canonical right quasigroup</Index><Emph>canonical</Emph>
 if it is index based, is its own parent and the underlying set is <Math>[1..n]</Math>.
 Many computationally intensive methods of &RightQuasigroups; internally work with canonical right quasigroups.
<ManSection>
  <Attr Arg="arg" Name="ParentInd" Label="for IsRightQuasigroup"/>
 <Returns>the index of the object <Arg>arg</Arg>.  If <Arg>arg</Arg> is a right quasigroup element, it returns the index of <Arg>arg</Arg>, that is,
  the position of <Arg>arg</Arg> among the elements of the parent right quasigroup.
  If the argument is a list of right quasigroup elements, it returns the corresponding list of indices.
  If the argument is a right quasigroup, it returns the corresponding list of indices and stores
  the result as an attribute. Finally, if <Arg>arg</Arg> is a right quasigroup mapping
  with source <Code>Q1</Code> and range <Code>Q2</Code>, the function calls <Code>AsParentPerm( </Code><Arg>arg</Arg><Code> )</Code>
  if <Code>Q1 = Q2</Code> and <Arg>arg</Arg> is bijective, else it calls <Code>AsParentTransformation( </Code><Arg>arg</Arg><Code> )</Code>.
</Returns>
 <Description>
<P/>
 </Description>
</ManSection>


<ManSection>
  <Oper Arg="Q" Name="IsIndexBased" Label="for IsRightQuasigroup"/>
 <Returns><Code>true</Code> if the right quasigroup <Arg>Q</Arg> is index based, else returns <Code>false</Code>.
</Returns>
 <Description>
<P/>
 </Description>
</ManSection>


<ManSection>
  <Oper Arg="Q" Name="IndexBasedCopy" Label="for IsRightQuasigroup"/>
 <Returns>a copy of <Arg>Q</Arg> that has the same underlying set as <Arg>Q</Arg>,  is index based and is its own parent. 
  An effort is made to inherit properties from <Arg>Q</Arg>.
</Returns>
 <Description>
Note that there is no general method available for converting index based right quasigroups
 into right quasigroups that are not index based.
 </Description>
</ManSection>


<ManSection>
  <Oper Arg="Q" Name="IsCanonical" Label="for IsRightQuasigroup"/>
 <Returns><Code>true</Code> if the right quasigroup <Arg>Q</Arg> of size <Math>n</Math> is canonical,  else returns <Code>false</Code>.
</Returns>
 <Description>
<P/>
 </Description>
</ManSection>


<ManSection>
  <Oper Arg="Q" Name="CanonicalCopy" Label="for IsRightQuasigroup"/>
 <Returns>a canonical copy of the right quasigroup <Arg>Q</Arg>.  An effort is made to inherit properties from <Arg>Q</Arg>.
</Returns>
 <Description>
Note that there is no general method available for converting canonical
 right quasigroups into right quasigroups that are not canonical.
 </Description>
</ManSection>


 <P/>The following example illustrates basic features of non-index based right quasigroups.
<Example><![CDATA[
gap> Q := RightQuasigroupByFunction( GF( 9 ), \+, ConstructorStyle( false, false ) ); # not index based, arguments not checked
<right quasigroup of size 9>
gap> IsIndexBased( Q );
false
gap> x := Q.2;
rZ(3)^0
gap> x![1]; # the underlying element
Z(3)^0
gap> x*x;
rZ(3)
gap> F := FamilyObj( x );
<Family: "RightQuasigroupFam">
gap> [ IsBound( F!.mult ), IsBound( F!.rdiv ), IsBound( F!.ldiv ) ]; # no left division in a right quasigroup
[ true, true, false ]
gap> [ IsBound( F!.multTable ), IsBound( F!.rdivTable ), IsBound( F!.ldivTable ) ]; # no tables are bound
[ false, false, false ]
gap> mult := MultiplicationFunction( Q );
<Operation "+">
gap> mult( Z(3), Z(3) );
Z(3)^0
gap> rdiv := RightDivisionFunction( Q ); # the constructor does not know that this really is <Operation "-">
function( x, y ) ... end
gap> rdiv( Z(3), Z(3) );
0*Z(3)
]]></Example>


 <P/>Note how things change in index based and canonical copies.
<Example><![CDATA[
gap> Q := RightQuasigroupByFunction( GF( 9 ), \+, ConstructorStyle( false, false ) ); # same as in the above example, not index based
gap> R := IndexBasedCopy( Q );;
gap> IsIndexBased( R );
true
gap> UnderlyingSet( R ); # no change to the underlying set
[ 0*Z(3), Z(3)^0, Z(3), Z(3^2), Z(3^2)^2, Z(3^2)^3, Z(3^2)^5, Z(3^2)^6, Z(3^2)^7 ]
gap> IsCanonical( R ); # underlying set is not [1..n]
false
gap> x := R.2;;
gap> x![1] # the index of x in the parent of R (here R itself)
2
gap> x*x;
rZ(3)
gap> F := FamilyObj( R.1 );;
gap> [ IsBound( F!.mult ), IsBound( F!.rdiv ), IsBound( F!.ldiv ) ]; # if bound then based on respective tables
[ true, true, false]
gap> [ IsBound( F!.multTable ), IsBound( F!.rdivTable ), IsBound( F!.ldivTable ) ]; # division tables will be bound when divisions are called 
[ true, false, false ]
gap> x/x;
r0*Z(3)
gap> IsBound( F!.rdivTable );
true
gap> mult := MultiplicationFunction( R ); # the multiplication function is based on indices
function( i, j ) ... end
gap> mult( 1, 1 );
1
gap> C := CanonicalCopy( Q );
<right quasigroup of size 9>
gap> UnderlyingSet( C ); # underlying set has changed to [1..n]
[ 1, 2, 3, 4, 5, 6, 7, 8, 9 ]
]]></Example>


</Section>


<Section Label="Section_Generators">
<Heading>Generators and comparison of right quasigroups</Heading>

 <P/><Code>GeneratorsOfRightQuasigroup</Code>, <Code>GeneratorsOfQuasigroup</Code> and <Code>GeneratorsOfLoop</Code> are supported
 as synonyms of <Code>GeneratorsOfMagma</Code>.
<ManSection>
  <Attr Arg="Q" Name="SmallGeneratingSet" Label="for IsRightQuasigroup"/>
 <Returns>a small generating set of a right quasigroup <Arg>Q</Arg> obtained by a greedy  algorithm that starts with the empty set of generators and in every steps adds the first element of <Arg>Q</Arg> that enlarges
  the generated subalgebra the most. There is no guarantee that <Code>SmallGeneratingSet</Code> will return a generating set of smallest
  possible cardinality. If the returned set <Code>gens</Code> of generators is smaller in cardinality than 
  <Code>GeneratorsOfRightQuasigroup( </Code><Arg>Q</Arg><Code> )</Code>, the value of <Code>GeneratorsOfRightQuasigroup( </Code><Arg>Q</Arg><Code> )</Code>
  is automatically set to <Code>gens</Code>.
</Returns>
 <Description>
<P/>
 </Description>
</ManSection>


<ManSection>
  <Attr Arg="Q" Name="GeneratorsSmallest" Label="for IsRightQuasigroup"/>
 <Returns>the smallest generating set of <Arg>Q</Arg> with respect to the lexicographic  ordering based on the linear ordering of elements of <Arg>Q</Arg>. If the returned set <Code>gens</Code> of generators is smaller
   in cardinality than <Code>GeneratorsOfRightQuasigroup( </Code><Arg>Q</Arg><Code> )</Code>, the value
  of <Code>GeneratorsOfRightQuasigroup( </Code><Arg>Q</Arg><Code> )</Code> is automatically set to <Code>gens</Code>.
</Returns>
 <Description>
<P/>
 </Description>
</ManSection>


 <P/>If <Code>A</Code> and <Code>B</Code> are right quasigroups with the same parent, cf. Section <Ref Sect="Section_Parent"/>,
 then <Code>A&lt;B</Code> iff <Code>GeneratorsSmallest( A )&lt;GeneratorsSmallest( B )</Code>. When two right quasigroups
 do not have the same parent, they cannot be compared.
 <P/>There is a fast test for equality of two right quasigroups <Code>A</Code>, <Code>B</Code> that avoids calling <Code>GeneratorsSmallest</Code>.
 <P/>Just like with other &GAP; objects, if <Code>A = B</Code> returns <Code>true</Code>, this does not imply that <Code>A</Code> and <Code>B</Code> are
 identical &GAP; objects, merely that they have the same parent and consist of the same elements.
 In particular, if <Code>A = Parent( A )</Code> holds then <Code>A</Code> is not necessarily its own parent;
 it might be a subalgebra of <Code>Parent( A )</Code> that happens to contain all elements of <Code>Parent( A )</Code>.
 (One can call <Code>IsIdenticalObj( A, Parent( A ) )</Code> to check whether <Code>A</Code> is its own parent.)
<Example><![CDATA[
gap> Q := AsLoop( GF(8) );;
gap> GeneratorsOfLoop( Q ); # trivial generating set
[ l0*Z(2), lZ(2)^0, lZ(2^3), lZ(2^3)^2, lZ(2^3)^3, lZ(2^3)^4, lZ(2^3)^5, lZ(2^3)^6 ]
gap> GeneratorsSmallest( Q ); # with respect to lexicographic ordering
[ lZ(2^3)^4, lZ(2^3)^5, lZ(2^3)^6 ]
gap> GeneratorsOfLoop( Q ); # changed since a smaller generating set has been found
[ lZ(2^3)^4, lZ(2^3)^5, lZ(2^3)^6 ]
gap> SmallGeneratingSet( Q ); # with respect to greedy algorithm
[ lZ(2)^0, lZ(2^3), lZ(2^3)^2 ]
gap> GeneratorsOfLoop( Q ); # not changed since no smaller generating set has been found
[ lZ(2^3)^4, lZ(2^3)^5, lZ(2^3)^6 ]
]]></Example>


</Section>


<Section Label="Section_Nonqualified">
<Heading>Non-qualified operations</Heading>

 <P/>There are several so-called <Emph>non-qualified operations</Emph> in &GAP;. These are 
 operations which are not attributes or properties but whose result depends on the type of
 the argument. As far as &RightQuasigroups; is concerned, the non-qualified operations are
 <Code>DerivedSeries</Code>, <Code>IsNilpotent</Code>, <Code>IsSimple</Code>, <Code>IsSolvable</Code>, <Code>LowerCentralSeries</Code> and <Code>UpperCentralSeries</Code>.
 For all such operations we provide qualified methods, e.g., <Code>DerivedSeriesOfLoop( Q )</Code> called with
 a loop <Code>Q</Code> as argument, but also support the non-qualified versions, e.g., <Code>DerivedSeries( Q )</Code>.
</Section>


<Section Label="Section_Direct">
<Heading>*Direct access to the parent right quasigroup record</Heading>

 <P/>Let <Code>Q</Code> be a right quasigroup, <Code>F</Code> the family object of any element of <Code>Q</Code>
 (that is, <Code>F = FamilyObj(Q.1)</Code>) and <Code>P</Code> the parent of <Code>Q</Code>
 (see Section <Ref Sect="Section_Parent"/>). Then:
 <List>
 <Item><Code>F!.cayleyTable</Code> is the Cayley table of <Code>P</Code>.</Item>
 <Item><Code>F!.indexBased</Code> determines is <Code>P</Code> and hence also <Code>Q</Code> are index based.</Item>
 <Item><Code>F!.ldiv</Code> is the left division function of <Code>P</Code>, if <Code>Q</Code> is a declared quasigroup.</Item>
 <Item><Code>F!.ldivTable</Code> is the left division table of <Code>P</Code>, if <Code>Q</Code> is a declared quasigroup.</Item>
 <Item><Code>F!.mult</Code> is the multiplication function of <Code>P</Code>.</Item>
 <Item><Code>F!.multTable</Code> is the multiplication table of <Code>P</Code>.</Item>
 <Item><Code>F!.names</Code> is the prefix used for all elements of <Code>P</Code>.</Item>
 <Item><Code>F!.one</Code> is the neutral element of <Code>P</Code> and hence also of <Code>Q</Code>, if <Code>Q</Code> is a declared loop.</Item>
 <Item><Code>F!.parent</Code> is <Code>P</Code>.</Item>
 <Item><Code>F!.rdiv</Code> is the right division function of <Code>P</Code>.</Item>
 <Item><Code>F!.rdivTable</Code> is the right division table of <Code>P</Code>.</Item>
 <Item><Code>F!.rSection</Code> is the right section for <Code>P</Code>.</Item>
 <Item><Code>F!.set</Code> is the set of &GAP; elements of <Code>P</Code>.</Item>
 <Item><Code>F!.size</Code> is the size of <Code>P</Code>.</Item>
 <Item><Code>F!.uSet</Code> is the underlying set of <Code>P</Code>. Note that if <Code>Q</Code> is a proper
      subalgebra of <Code>P</Code> then <Code>UnderlyingSet( Q )</Code> is a proper subset of <Code>F!.uSet</Code>.</Item>
 </List>
 <P/>Note that not all of the above components of <Code>F</Code> are necessarily bound,
 depending on the constructor used for <Code>P</Code>. 
</Section>


</Chapter>

