<?xml version="1.0" encoding="UTF-8"?>

<!-- This is an automatically generated file. -->
<Chapter Label="Chapter_Associated_permutation_groups">
<Heading>Associated permutation groups</Heading>

<Section Label="Chapter_Associated_permutation_groups_Section_Translations_and_sections">
<Heading>Translations and sections</Heading>

<ManSection Label="AutoDoc_generated_group22">
<Heading>Translations</Heading>
  <Oper Arg="Q, x" Name="RightTranslation" Label="for IsRightQuasigroup, IsObject"/>
  <Oper Arg="Q, x" Name="LeftTranslation" Label="for IsQuasigroup, IsObject"/>
 <Returns>the right (resp. left) translation by the element <Code>x</Code> in the right quasigroup  <Code>Q</Code>. For the left translation, <Code>Q</Code> must be a quasigroup.
  We allow <Code>x</Code> to be an element of <Code>Q</Code> or an element of the underlying set of <Code>Q</Code>.
  The translation is returned as a permutation of <Code>[1..Size(Parent(Q))]</Code>, cf. 
  Section <Ref Sect="Section_Parent"/>.
</Returns>
 <Description>
<P/>
 </Description>
</ManSection>


<ManSection Label="AutoDoc_generated_group23">
<Heading>Sections</Heading>
  <Attr Arg="Q" Name="RightSection" Label="for IsRightQuasigroup"/>
  <Attr Arg="Q" Name="LeftSection" Label="for IsQuasigroup"/>
 <Returns>the right (left) section of a right quasigroup <Code>Q</Code>, i.e., the list  of all right (left) translations by elements of <Code>Q</Code>. For the left translations, <Code>Q</Code> must be a quasigroup.
</Returns>
 <Description>
<P/>
 </Description>
</ManSection>


</Section>


<Section Label="Section_Mlt">
<Heading>Multiplication groups and relative multiplication groups</Heading>

 <P/>The <Index>right multiplication group</Index><Emph>right multiplication group</Emph> <Math>\textrm{Mlt}_r(Q)</Math>
 of a right quasigroup <Math>Q</Math> is the permutation group generated by all right translations of <Math>Q</Math>.
 The <Index>left multiplication group</Index><Emph>left multiplication group</Emph> <Math>\textrm{Mlt}_\ell(Q)</Math>
 of a left quasigroup <Math>Q</Math> is defined dually. The <Index>multiplication group</Index>
 <Emph>multiplication group</Emph> <Math>\textrm{Mlt}(Q)</Math> of a quasigroup <Code>Q</Code> is the permutation group generated
 by all left and right translations of <Math>Q</Math>.
 <P/>If <Math>S</Math> is a subrightquasigroup of a right quasigroup <Math>Q</Math>, the
 <Index>relative right multiplication group</Index><Emph>relative right multiplication group</Emph>
 of <Math>S</Math> in <Math>Q</Math> is the subgroup of <Math>\textrm{Mlt}_r(Q)</Math> generated by all right translations 
 in <Math>Q</Math> by elements of <Math>S</Math>. Note that there is a difference betwee the relative right multiplication
 group of <Math>S</Math> in <Math>Q</Math> and the right multiplication group of <Math>S</Math>.
 The <Index>relative left multiplication group</Index><Emph>relative left multiplication group</Emph>
 and the <Index>relative multiplication group</Index><Emph>relative multiplication group</Emph>
 of <Math>S</Math> in <Math>Q</Math> are defined analogously.
<ManSection Label="AutoDoc_generated_group24">
<Heading>Multiplication groups</Heading>
  <Attr Arg="Q" Name="RightMultiplicationGroup" Label="for IsRightQuasigroup"/>
  <Attr Arg="Q" Name="LeftMultiplicationGroup" Label="for IsQuasigroup"/>
  <Attr Arg="Q" Name="MultiplicationGroup" Label="for IsQuasigroup"/>
 <Returns>the (right, left) multiplication group of the right quasigroup  <Code>Q</Code> as a subgroup of the symmetric group on the set <Code>[1..Size(Parent(Q))]</Code>.
  For the left and two-sided versions, <Code>Q</Code> must be a quasigroup.
  An effort is made to return the group with a precalculated small generating set.
</Returns>
 <Description>
<P/>
 </Description>
</ManSection>


<ManSection Label="AutoDoc_generated_group25">
<Heading>Relative multiplication groups</Heading>
  <Oper Arg="Q, S" Name="RelativeRightMultiplicationGroup" Label="for IsRightQuasigroup, IsRightQuasigroup"/>
  <Oper Arg="Q, S" Name="RelativeLeftMultiplicationGroup" Label="for IsQuasigroup, IsQuasigroup"/>
  <Oper Arg="Q, S" Name="RelativeMultiplicationGroup" Label="for IsQuasigroup, IsQuasigroup"/>
 <Returns>the relative (right, left) multiplication group of a subrightquasigroup <Code>S</Code>  in the right quasigroup <Code>Q</Code>. For the left an two-sided versions, <Code>Q</Code> must be a quasigroup.
  An effort is made to return the group with a precalculated small generating set.
</Returns>
 <Description>
<P/>
 </Description>
</ManSection>


<Example><![CDATA[
gap> Q := AsQuasigroup( Group( (1,2,3,4,5,6 ) ) );;
gap> Size( RightMultiplicationGroup( Q ) );
6
gap> S := Subquasigroup( Q, [ Q[(1,3,5)(2,4,6)] ] );
<quasigroup of size 3>
gap> RightTranslation( S, (1,3,5)(2,4,6) );
(1,3,5)
gap> LeftTranslation( S, (1,3,5)(2,4,6) );
(1,3,5)
gap> Size( LeftMultiplicationGroup( S ) );
3
gap> RelativeLeftMultiplicationGroup( Q, S );
Group([ (1,3,5)(2,4,6) ])
gap> LeftMultiplicationGroup( S );
Group([ (1,3,5) ])
gap> RelativeRightMultiplicationGroup( Q, S );
Group([ (1,3,5)(2,4,6) ])
gap> Size( MultiplicationGroup( Q ) );
6
]]></Example>


</Section>


<Section Label="Chapter_Associated_permutation_groups_Section_Inner_mappings_and_inner_mapping_groups">
<Heading>Inner mappings and inner mapping groups</Heading>

 <P/>Elements of the multiplication groups that fix the identity element
 are called <Index>inner mappings</Index><Emph>inner mappings</Emph> in loop theory.
 We extend the definition of traditional inner mappings to right quasigroups and
 quasigroups 
 <P/>When <Math>Q</Math> is a right quasigroup and <Math>x,y\in Q</Math>, the <Index>right inner mapping</Index>
 <Emph>right inner mapping</Emph> determined by <Math>x</Math> and <Math>y</Math> is the permutation <Math>R(x,y) = R_{xy}^{-1} R_y R_x</Math>,
 where we compose mappings from right to left. The <Index>right inner mapping group</Index>
 <Emph>right inner mapping group</Emph> of <Math>Q</Math> is the subgroup of the right multiplication group <Math>\textrm{Mlt}_r(Q)</Math> of <Math>Q</Math>
 generated by all right inner mappings. When <Math>Q</Math> is a loop, the right inner mapping group
 is the stabilizer of the neutral element of <Math>Q</Math> in <Math>\textrm{Mlt}_r(Q)</Math>.
 <P/>When <Math>Q</Math> is a quasigroup and <Math>x,y\in Q</Math>, the <Index>middle inner mapping</Index>
 <Emph>middle inner mapping</Emph> determined by <Math>x</Math> is the permutation <Math>L(x)^{-1} R(x)</Math>,
 and the <Index>left inner mapping</Index><Emph>left inner mapping</Emph> determined by <Math>x</Math> and <Math>y</Math> is the
 permutation <Math>L(x,y) = L_{yx}^{-1} L_y L_x</Math>. The <Index>middle inner mapping group</Index>
 <Emph>middle inner mapping group</Emph> of <Math>Q</Math> is the subgroup of the multiplication group of <Math>Q</Math>
 generated by all middle inner mappings. The <Index>left inner mapping group</Index>
 <Emph>left inner mapping group</Emph> of <Math>Q</Math> is the subgroup of the left multiplication group <Math>\textrm{Mlt}_\ell(Q)</Math> of <Math>Q</Math>
 generarted by all left inner mappings. When <Math>Q</Math> is a loop, the left inner mapping grup
 is the stabilizer of the neutral element of <Math>Q</Math> in <Math>\textrm{Mlt}_\ell(Q)</Math>.
 Finally, the <Index>inner mapping group</Index><Emph>inner mapping group</Emph> of <Math>Q</Math> is the
 subroup of the multiplication group <Math>\textrm{Mlt}(Q)</Math> of <Math>Q</Math> generated by all right, middle and left
 inner mappings. When <Math>Q</Math> is a loop, the inner mapping group is the stabilizer of the
 neutral element of <Math>Q</Math> in <Math>\textrm{Mlt}(Q)</Math>.
<ManSection Label="AutoDoc_generated_group26">
<Heading>Inner mappings</Heading>
  <Oper Arg="Q, x, y" Name="RightInnerMapping" Label="for IsRightQuasigroup, IsRightQuasigroupElement, IsRightQuasigroupElement"/>
  <Oper Arg="Q, x" Name="MiddleInnerMapping" Label="for IsQuasigroup, IsQuasigroupElement"/>
  <Oper Arg="Q, x, y" Name="LeftInnerMapping" Label="for IsQuasigroup, IsQuasigroupElement, IsQuasigroupElement"/>
 <Returns>the right, middle and left inner mappings in <Code>Q</Code> determined by <Code>x</Code> (and <Code>y</Code>).  For the right inner mappings, <Code>Q</Code> can be a right quasigroups. For the middle and left inner
  mappings, <Code>Q</Code> must be a quasigroup.
</Returns>
 <Description>
<P/>
 </Description>
</ManSection>


<ManSection Label="AutoDoc_generated_group27">
<Heading>Inner mapping groups</Heading>
  <Attr Arg="Q" Name="RightInnerMappingGroup" Label="for IsRightQuasigroup"/>
  <Attr Arg="Q" Name="MiddleInnerMappingGroup" Label="for IsQuasigroup"/>
  <Attr Arg="Q" Name="LeftInnerMappingGroup" Label="for IsLoop"/>
  <Attr Arg="Q" Name="InnerMappingGroup" Label="for IsLoop"/>
 <Returns>the (right, middle, left) inner mapping group of a quasigroup <Code>Q</Code>. For the  right inner mapping group, we alow <Code>Q</Code> to be a right quasigroup.
</Returns>
 <Description>
<P/>
 </Description>
</ManSection>


<Example><![CDATA[
gap> ct := [[1,2,3,4,5],[2,1,4,5,3],[3,5,1,2,4],[4,3,5,1,2],[5,4,2,3,1]];;
gap> Q := LoopByCayleyTable( ct );; # not commutative
gap> LeftInnerMapping( Q, Q.3, Q.3 );
(2,4,5)
gap> L := LeftMultiplicationGroup( Q );;
gap> LInn := LeftInnerMappingGroup( Q );;
gap> [ Size( L ), Size( LInn ) ];
[ 120, 24 ]
gap> (2,4,5) in L;
true
gap> LInn = Stabilizer( L, 1 );
true
gap> RInn := RightInnerMappingGroup( Q );;
gap> Size( RInn );
24
gap> ForAll( Q, x -> ForAll( Q, y -> RightInnerMapping( Q, x, y ) in RInn ) );
true
gap> LInn = RInn;
true
gap> Size( MiddleInnerMappingGroup( Q ) );
12
]]></Example>


</Section>


</Chapter>

