<?xml version="1.0" encoding="UTF-8"?>

<!-- This is an automatically generated file. -->
<Chapter Label="Chapter_RightQuasigroups_automatic_generated_documentation">
<Heading>RightQuasigroups automatic generated documentation</Heading>

<Section Label="Chapter_RightQuasigroups_automatic_generated_documentation_Section_RightQuasigroups_automatic_generated_documentation_of_methods">
<Heading>RightQuasigroups automatic generated documentation of methods</Heading>

<ManSection>
  <Oper Arg="Q" Name="TrialityPermGroup" Label="for IsLoop"/>
 <Returns>a record with components <Code>G</Code>, <Code>rho</Code>, <Code>sigma</Code>, where <Code>G</Code>  is the canonical group with triality associated with a Moufang loop <Arg>Q</Arg>, and <Code>rho</Code>, <Code>sigma</Code>
  are the corresponding triality automorphisms. We allow <Arg>Q</Arg> to be a group.
</Returns>
 <Description>
<P/>
 </Description>
</ManSection>


<ManSection>
  <Oper Arg="Q" Name="TrialityPcGroup" Label="for IsLoop"/>
 <Description>
This is a variation of <Code>TrialityPermGroup</Code> in which <Code>G</Code> is returned as a pc group.
 </Description>
</ManSection>


</Section>


</Chapter>

