<?xml version="1.0" encoding="UTF-8"?>

<!-- This is an automatically generated file. -->
<Chapter Label="Chapter_Racks_and_quandles">
<Heading>Racks and quandles</Heading>

 <P/>A <Emph>rack</Emph><Index>rack</Index> is a right quasigroup satisfying the right self-distributive law
 <Math>(x*y)*z = (x*z)*(y*z)</Math>. A <Emph>quandle</Emph><Index>quandle</Index> is an idempotent rack.
 <P/>A rack is said to be <Emph>latin</Emph><Index Subkey="latin">rack</Index> if it is a quasigroup.
 <P/>Constructors declare racks and quandles as right quasigroups or, in the latin case, as quasigroups.
 If a rack/quandle is declared as a quasigroup, it is displayed as <Code>&lt;latin rack...&gt;</Code> or <Code>&lt;latin quandle...&gt;</Code>,
 otherwise it is displayed as <Code>&lt;rack...&gt;</Code> or <Code>&lt;quandle...&gt;</Code>.
<Section Label="Chapter_Racks_and_quandles_Section_Testing_for_racks_and_quandles">
<Heading>Testing for racks and quandles</Heading>

<ManSection>
  <Prop Arg="Q" Name="IsRack" Label="for IsRightQuasigroup"/>
 <Returns><Code>true</Code> if the right quasigroup <Arg>Q</Arg> is a rack, else returns <Code>false</Code>.
</Returns>
 <Description>
<P/>
 </Description>
</ManSection>


<ManSection>
  <Prop Arg="Q" Name="IsQuandle" Label="for IsRightQuasigroup"/>
 <Returns><Code>true</Code> if the right quasigroup <Arg>Q</Arg> is a quandle, else returns <Code>false</Code>.
</Returns>
 <Description>
<P/>
 </Description>
</ManSection>


<ManSection>
  <Prop Arg="Q" Name="IsLatinRack" Label="for IsRightQuasigroup"/>
 <Returns><Code>true</Code> if the right quasigroup <Arg>Q</Arg> is a latin rack, else returns <Code>false</Code>.
</Returns>
 <Description>
<P/>
 </Description>
</ManSection>


<ManSection>
  <Prop Arg="Q" Name="IsLatinQuandle" Label="for IsRightQuasigroup"/>
 <Returns><Code>true</Code> if the right quasigroup <Arg>Q</Arg> is a latin quandle, else returns <Code>false</Code>.
</Returns>
 <Description>
<P/>
 </Description>
</ManSection>


</Section>


<Section Label="Chapter_Racks_and_quandles_Section_Constructors_for_racks">
<Heading>Constructors for racks</Heading>

<ManSection>
  <Oper Arg="S, f[, constructorStyle]" Name="PermutationalRack" Label="for IsCollection, IsPerm"/>
 <Returns>the permutational rack on <Arg>S</Arg> via the permutation <Arg>f</Arg>, that is, the  rack on <Arg>S</Arg> with multiplication <Code>x*y = x^f</Code>. The permutation <Arg>f</Arg> must restrict
  to <Arg>S</Arg>.
</Returns>
 <Description>
<P/>
 </Description>
</ManSection>


</Section>


<Section Label="Chapter_Racks_and_quandles_Section_Constructors_for_quandles">
<Heading>Constructors for quandles</Heading>

 <P/>The projection right quasigroup is automatically a quandle. We support <Code>ProjectionQuandle</Code> as a
 synonym of <Code>ProjectionRightQuasigroup</Code>.
<ManSection>
  <Oper Arg="G, f[, constructorStyle]" Name="AffineQuandle" Label="for IsGroup, IsMapping"/>
 <Returns>the affine quandle on the group <Arg>G</Arg>, using its automorphism <Arg>f</Arg>.  The group <Arg>G</Arg> can be additive or multiplicative. The mapping <Arg>f</Arg> must be 
  an element of <Code>AutomorphismGroup( </Code><Arg>G</Arg><Code> )</Code>.
</Returns>
 <Description>
With the additive notation for <Arg>G</Arg>, the multiplication in the affine
 quandle is given by <Math>x*y = f(x) + y - f(y) = f(x) + (1-f)(y)</Math>.
 </Description>
</ManSection>


<ManSection Label="AutoDoc_generated_group56">
<Heading>GalkinQuandle and HomogeneousQuandle</Heading>
  <Oper Arg="G, H, f[, constructorStyle]" Name="GalkinQuandle" Label="for IsGroup, IsGroup, IsMapping"/>
 <Returns>the Galkin quandle constructed from the group <Arg>G</Arg>, subgroup <Arg>H</Arg>  and automorphism <Arg>f</Arg> of <Arg>G</Arg> that fixes <Arg>H</Arg> pointwise.
  The underlying set of the returned quandle is a right transversal to <Arg>H</Arg> in <Arg>G</Arg>. 
</Returns>
 <Description>
The Galkin quandle is defined on the right cosets <Math>\{Hx:x\in G\}</Math> by
 <Math>Hx*Hy = H f(xy^{-1})y</Math>. We also support the synonym <Code>HomogeneousQuandle</Code> since Galkin quandles
 are precisely homogeneous quandles, that is, quandles with a transitive automorphism group.
 </Description>
</ManSection>


<Example><![CDATA[
gap> G := SymmetricGroup( 4 );;
gap> H := Subgroup( G, [(1,2)] );;
gap> f := Filtered( AutomorphismGroup( G ), g -> (1,2)^g = (1,2) )[3];
^(3,4)
gap> Q := GalkinQuandle( G, H, f );
<quandle of size 12>
]]></Example>


<ManSection>
  <Oper Arg="G[, constructorStyle]" Name="ConjugationQuandle" Label="for IsGroup"/>
 <Returns>the conjugatoion quandle defined on the group <Arg>G</Arg>, that is, the quandle on <Arg>G</Arg>  with multiplication <Math>x*y = y^{-1}xy</Math>.
</Returns>
 <Description>
<P/>
 </Description>
</ManSection>


</Section>


<Section Label="Chapter_Racks_and_quandles_Section_Subracks_and_subquandles">
<Heading>Subracks and subquandles</Heading>

<ManSection Label="AutoDoc_generated_group57">
<Heading>Testing subracks and subquandles</Heading>
  <Oper Arg="Q, S" Name="IsSubrack" Label="for IsRack, IsRack"/>
  <Oper Arg="Q, S" Name="IsSubquandle" Label="for IsQuandle, IsQuandle"/>
 <Returns><Code>true</Code> if <Arg>S</Arg> is a subrack (subquandle) of the rack (quandle) <Arg>Q</Arg>, else returns <Code>false</Code>.
</Returns>
 <Description>
<P/>
 </Description>
</ManSection>


<ManSection Label="AutoDoc_generated_group58">
<Heading>Creating subracks and subquandles</Heading>
  <Oper Arg="Q, gens" Name="Subrack" Label="for IsRack, IsCollection"/>
  <Oper Arg="Q, gens" Name="Subquandle" Label="for IsQuandle, IsCollection"/>
 <Returns>the subrack (subquandle) of a rack (quandle) <Arg>Q</Arg>  generated by the list of elements <Arg>gens</Arg>. We allow <Arg>gens</Arg> to consist of elements of <Arg>Q</Arg> or 
  of elements of the underlying set of <Arg>Q</Arg>. 
  The resulting subalgebra will be index based (cf. Section <Ref Sect="Section_IndexBased"/>) iff
  <Arg>Q</Arg> is index based. 
</Returns>
 <Description>
<P/>
 </Description>
</ManSection>


<ManSection Label="AutoDoc_generated_group59">
<Heading>All subracks and subquandles</Heading>
  <Oper Arg="Q" Name="AllSubracks" Label="for IsRack"/>
  <Oper Arg="Q" Name="AllSubquandles" Label="for IsQuandle"/>
 <Returns>a list of all subracks (subquandles) of a rack (quandle) <Arg>Q</Arg>.
</Returns>
 <Description>
<P/>
 </Description>
</ManSection>


<ManSection Label="AutoDoc_generated_group60">
<Heading>Racks and quandles by generators</Heading>
  <Func Arg="gens..." Name="Rack" />
  <Func Arg="gens..." Name="Quandle" />
  <Func Arg="gens..." Name="RackByGenerators" />
  <Func Arg="gens..." Name="QuandleByGenerators" />
  <Func Arg="gens..." Name="RackWithGenerators" />
  <Func Arg="gens..." Name="QuandleWithGenerators" />
 <Description>
 <P/>These functions are analogous to those described in Section <Ref Sect="Section_ByGenerators"/>
<P/>
 </Description>
</ManSection>


</Section>


</Chapter>

