<?xml version="1.0" encoding="UTF-8"?>

<!-- This is an automatically generated file. -->
<Chapter Label="Chapter_Constructors">
<Heading>Constructors</Heading>

 <P/>In this chapter we collect constructor methods for right quasigroups.
<Section Label="Section_OptionalArguments">
<Heading>Optional arguments in constructors</Heading>

 <P/>Almost all constructors (exceptions will be noted) allow two optional boolean arguments <Code>indexBased</Code> and <Code>checkArgs</Code>.
 <P/>The value of <Code>indexBased</Code> determines if the constructed right quasigroup will be index based, cf. Section
 <Ref Sect="Section_IndexBased"/>. If <Code>indexBased</Code> is not provided, index based right quasigroups are constructed
 by default.
 <P/>The value of <Code>checkArgs</Code> determines if the arguments of the constructor will be checked for
 mathematical correctness. If <Code>checkArgs</Code> is not provided, the arguments are not checked by default.
 Being a second optional argument of constructors, <Code>checkArgs</Code> can be given only if <Code>indexBased</Code> is also given.
</Section>


<Section Label="Section_Converting">
<Heading>Converting betwen right quasigroups, quasigroups and loops</Heading>

 <P/>While &GAP; does not automatically recognize a right quasigroup as a quasigroup or a loop (if it happens to 
 be one mathematically), it is possible to test these properties and convert the algebras up and down as desired.
<ManSection>
  <Prop Arg="Q" Name="IsLatin" Label="for IsRightQuasigroup"/>
 <Returns><Code>true</Code> if the right quasigroup <Arg>Q</Arg> is a quasigroup mathematically (that is, if all  left translations of <Arg>Q</Arg> are bijections) and <Code>false</Code> otherwise .
</Returns>
 <Description>
The method <Code>IsMathQuasigroup</Code> is a synonym to <Code>IsLatin</Code>.
 </Description>
</ManSection>


<ManSection>
  <Prop Arg="Q" Name="IsMathLoop" Label="for IsRightQuasigroup"/>
 <Returns><Code>true</Code> if the right quasigroup <Arg>Q</Arg> is a loop mathematically (that is, if all  left translations of <Arg>Q</Arg> are bijections and <Arg>Q</Arg> has a neutral element with respect to
  multiplication) and <Code>false</Code> otherwise 
</Returns>
 <Description>
Note that the &GAP; method <Code>HasMultiplicativeNeutralElement( Q )</Code>
 checks if the magma <Code>Q</Code> has a neutral element with respect to multiplication.
 </Description>
</ManSection>


<ManSection Label="AutoDoc_generated_group1">
<Heading>AsRightQuasigroup, AsQuasigroup and AsLoop</Heading>
  <Func Arg="M, ...indexBased, checkArgs" Name="AsRightQuasigroup" />
  <Func Arg="M, ...indexBased, checkArgs" Name="AsQuasigroup" />
  <Func Arg="M, ...indexBased, checkArgs" Name="AsLoop" />
 <Description>
<P/>
 </Description>
</ManSection>


 <P/>Given a magma <Code>M</Code> that is mathematically a right quasigroup, a quasigroup or a loop,
 returns the corresponding right quasigroup, quasigroup or loop, respectively. 
 If <Code>M</Code> cannot be converted, returns <Code>fail</Code>.
 <P/>If <Code>M</Code> is a declared additive group, the additive operation is used as multiplication.
 If <Code>M</Code> is a declared group, the multiplicative operation is used as multiplication.
<Log><![CDATA[
gap> M := MagmaByMultiplicationTable( [ [1,1], [2,2] ] );;
gap> Elements( M );
[ m1, m2 ]
gap> R := AsRightQuasigroup( M );
<right quasigroup of size 2>
gap> Elements( R );
[ r:m1, r:m2 ]
gap> AsQuasigroup( M ); # arguments are not checked !!!
<quasigroup of size 2>
gap> AsQuasigroup( M, true, true ); # the second optional argument will force a check
fail
gap> L := AsLoop( Group( (1,2,3) ) );
<loop of size 3>
gap> Elements( L );
[ l:(), l:(1,2,3), l:(1,3,2) ]
gap> AsQuasigroup( GF(8) );
<quasigroup of size 8>
]]></Log>


</Section>


<Section Label="Chapter_Constructors_Section_A_two-step_constructor">
<Heading>*A two-step constructor</Heading>

 <P/>Most constructors of &RightQuasigroups; work in two steps. In the first step, a shell of an algebra is created,
 with the underlying set and elements stored but with no multiplication function assigned.
 In the second step, the multiplication function is added, depending
 on the data provided by the user in the constructor.
 <P/>The reason for this approach, which is particularly useful for non-index based right quasigroups,
 is that the multiplication function might depend on 
 data that needs to be stored in the right quasigroup and be accessible. The first
 step creates the desired &GAP; object so that the multiplication function added
 in the second step can point to the stored data.
<ManSection>
  <Func Arg="category, S, ...indexBased, checkArgs" Name="RQ_AlgebraShell" />
 <Returns>an algebra shell of the appropriate category on the underlying set <Code>S</Code>.  The value of <Code>category</Code> must be <Code>IsRightQuasigroup</Code>, <Code>IsQuasigroup</Code> or <Code>IsLoop</Code>.
</Returns>
 <Description>
<P/>
 </Description>
</ManSection>


<ManSection>
  <Func Arg="category, Q" Name="RQ_AddDefaultDivisionsAndOne" />
 <Returns><Code>true</Code>
</Returns>
 <Description>
This method creates all required unary and binary operations from multiplication.
 If <Code>category = IsRightQuasigroup</Code>, it adds implied right division to the right quasigroup <Code>Q</Code>.
 If <Code>category = IsQuasigroup</Code>, it adds implied right and left divisions to <Code>Q</Code>.
 If <Code>category = IsLoop</Code>, it adds implied right and left divisions as well as the implied neutral element to <Code>Q</Code>.
 </Description>
</ManSection>


</Section>


<Section Label="Chapter_Constructors_Section_Constructors_by_Cayley_table">
<Heading>Constructors by Cayley table</Heading>

<Subsection Label="Chapter_Constructors_Section_Constructors_by_Cayley_table_Subsection_Cayley_tables_versus_multiplication_tables">
<Heading>Cayley tables versus multiplication tables</Heading>

 <P/>Given a right quasigroup <Code>Q</Code> of size <Math>n</Math> with underlying set <Math>S</Math>, the <Index>Cayley table</Index>
 <Emph>Cayley table</Emph> of <Code>Q</Code> is the <Math>n\times n</Math> array with rows and columns
 implictly labeled by the elements of (the sorted list) <Math>S</Math>
 such that the cell in row <Math>x</Math> and column <Math>y</Math> contains the element <Math>xy\in S</Math>.
 <P/>In accordance with &GAP; conventions, given a magma <Code>M</Code> of size <Math>n</Math> with <Math>m_i</Math> denoting the <Math>i</Math>ith element of <Code>M</Code>,
 the <Index>multiplication table</Index><Emph>multiplication table</Emph> of <Code>Q</Code>
 is the <Math>n\times n</Math> array with rows and columns implicitly labeled by <Math>[1..n]</Math> such that
 the cell in row <Math>i</Math> and column <Math>j</Math> contains <Math>k</Math> iff <Math>m_im_j=m_k</Math>.
 <P/>It is also possible to form an <Math>n\times n</Math> array with rows and columns implicitly labeled by &GAP; elements
 of <Code>Q</Code> so that the cell in row <Code>x</Code> and column <Code>y</Code> contains the &GAP; element <Code>x*y</Code>. Such a table can be quickly
 constructed from the Cayley table <Code>ct</Code> of <Code>Q</Code> by <Code>List( ct, row -> List( row, x -> Q[x] ) )</Code>, for instance.
 We do not introduce terminology for such tables, nor do we provide any methods for dealing with them.
 <P/>Analogous conventions apply to right division and left division.
</Subsection>


<ManSection Label="AutoDoc_generated_group2">
<Heading>Cayley tables and multiplication tables of right quasigroups</Heading>
  <Attr Arg="Q" Name="MultiplicationTable" Label="for IsRightQuasigroup"/>
  <Attr Arg="Q" Name="CayleyTable" Label="for IsRightQuasigroup"/>
  <Attr Arg="Q" Name="RightDivisionTable" Label="for IsRightQuasigroup"/>
  <Attr Arg="Q" Name="RightDivisionCayleyTable" Label="for IsRightQuasigroup"/>
  <Attr Arg="Q" Name="LeftDivisionTable" Label="for IsQuasigroup"/>
  <Attr Arg="Q" Name="LeftDivisionCayleyTable" Label="for IsQuasigroup"/>
 <Returns>the multiplication table, Cayley table, right division table,  right division Cayley table, left division table and left division Cayley table of right quasigroup <Code>Q</Code>,
  respectively. For the left divisions, <Code>Q</Code> must be a declared quasigroup.
</Returns>
 <Description>
<P/>
 </Description>
</ManSection>


<ManSection Label="AutoDoc_generated_group3">
<Heading>Constructing division tables from multiplication tables</Heading>
  <Oper Arg="Q" Name="RightDivisionTableFromMultiplicationTable" Label="for IsRectangularTable"/>
  <Oper Arg="Q" Name="LeftDivisionTableFromMultiplicationTable" Label="for IsRectangularTable"/>
 <Description>
<P/>
 </Description>
</ManSection>


 <P/>It is possible to construct a right division table from the multiplication table
 of a right quasigroup <Code>Q</Code> of size <Math>n</Math> in <Math>O(n^2)</Math>, rather than naively in <Math>O(n^3)</Math>.
 The quick algorithm is used in the following two methods which 
 return the right division table and the left division table of a right quasigroup <Code>Q</Code>, respectively.
 For the left division, <Code>Q</Code> must be a declared quasigroup.
<ManSection Label="AutoDoc_generated_group4">
<Heading>Testing Cayley tables</Heading>
  <Oper Arg="ct" Name="IsRightQuasigroupCayleyTable" Label="for IsRectangularTable"/>
  <Oper Arg="ct" Name="IsQuasigroupCayleyTable" Label="for IsRectangularTable"/>
  <Oper Arg="ct" Name="IsLoopCayleyTable" Label="for IsRectangularTable"/>
 <Returns><Code>true</Code> if <Code>ct</Code> is a Cayley table of a right quasigroup, quasigroup or loop, respectively,  otherwise returns <Code>false</Code>.
  It is assumed that the underlying set consists of the elements contained in the first column of <Code>ct</Code>.
</Returns>
 <Description>
<P/>
 </Description>
</ManSection>


<ManSection Label="AutoDoc_generated_group5">
<Heading>Creating right quasigroups by Cayley table</Heading>
  <Func Arg="ct, ...indexBased, checkArgs" Name="RightQuasigroupByCayleyTable" />
  <Func Arg="ct, ...indexBased, checkArgs" Name="QuasigroupByCayleyTable" />
  <Func Arg="ct, ...indexBased, checkArgs" Name="LoopByCayleyTable" />
 <Description>
<P/>
 </Description>
</ManSection>


 <P/>Returns the right quasigroup, quasigroup or loop with Cayley table <Code>ct</Code>, respectively.
 See Section <Ref Sect="Section_OptionalArguments"/> for the optional arguments.
<Log><![CDATA[
gap> ct := [ [ "red", "white", "white" ], [ "blue", "blue", "red" ], [ "white", "red", "blue" ] ];;
gap> IsRightQuasigroupCayleyTable( ct );
true
gap> Q := RightQuasigroupByCayleyTable( ct );
<right quasigroup of size 3>
gap> Display( MultiplicationTable( Q ) ); # note the ordering of elements
[ [  2,  3,  3 ],
  [  1,  1,  2 ],
  [  3,  2,  1 ] ]
gap> Display( CayleyTable( Q ) );
[ [ "red", "white", "white" ],
  [ "blue", "blue", "red" ],
  [ "white", "red", "blue" ] ]
gap> Elements( Q );
[ r:blue, r:red, r:white ]
gap> IsQuasigroupCayleyTable( ct );
false
]]></Log>


</Section>


<Section Label="Chapter_Constructors_Section_Constructors_by_functions">
<Heading>Constructors by functions</Heading>

 <P/>In this section we describe how to construct right quasigroups, quasigroups and loops by functions.
 <P/>A function <Math>f:S\times S\to S</Math> is a <Index>right quasigroup function</Index>
 <Emph>right quasigroup function</Emph> if for every <Math>x\in S</Math> the function <Math>R_x:S\to S</Math> defined by
 <Math>R_x(y) = f(y,x)</Math> is a permutation of <Math>S</Math>.
 <P/>A right quasigroup function <Math>f:S\times S\to S</Math> is a <Index>quasigroup function</Index>
 <Emph>quasigroup function</Emph> if for every <Math>x\in S</Math> the function <Math>L_x:S\to S</Math> defined by <Math>L_x(y) = f(x,y)</Math>
 is a permutation of <Math>S</Math>.
 <P/>A quasigroup function <Math>f:S\times S\to S</Math> is a <Index>loop function</Index><Emph>loop function</Emph> if
 there is <Math>e\in S</Math> such that <Math>f(e,x)=x=f(x,e)</Math> for every <Math>x\in S</Math>.
<ManSection>
  <Oper Arg="S, mult" Name="IsRightQuasigroupFunction" Label="for IsCollection, IsFunction"/>
 <Returns><Code>true</Code> if <Code>mult</Code> is a right quasigroup function on the set <Code>S</Code>.
</Returns>
 <Description>
It is also possible to call <Code>IsRightQuasigroupFunction( S, mult, rdiv )</Code>, in which case
 it is checked if <Code>mult</Code> is a quasigroup function on <Code>S</Code> and <Code>rdiv</Code> is the corresponding right division
 function on <Code>S</Code>.
 </Description>
</ManSection>


<ManSection>
  <Oper Arg="S, mult" Name="IsQuasigroupFunction" Label="for IsCollection, IsFunction"/>
 <Returns><Code>true</Code> if <Code>mult</Code> is a quasigroup function on the set <Code>S</Code>.
</Returns>
 <Description>
It is also possible to call <Code>IsQuasigroupFunction( S, mult, rdiv, ldiv )</Code>, in which case
 it is checked if <Code>mult</Code> is a quasigroup function on <Code>S</Code>, <Code>rdiv</Code> is the corresponding right division
 function on <Code>S</Code> and <Code>ldiv</Code> is the corresponding left division function on <Code>S</Code>.
 </Description>
</ManSection>


<ManSection>
  <Oper Arg="S, mult" Name="IsLoopFunction" Label="for IsCollection, IsFunction"/>
 <Returns><Code>true</Code> if <Code>mult</Code> is a quasigroup function on the set <Code>S</Code>.
</Returns>
 <Description>
It is also possible to call <Code>IsLoopFunction( S, mult, rdiv, ldiv )</Code>,
 <Code>IsLoopFunction( S, mult, one )</Code> or <Code>IsLoopFunction( S, mult, rdiv, ldiv, one )</Code>. In such cases,
 it is checked that <Code>mult</Code> is a loop function on <Code>S</Code>, <Code>rdiv</Code> and <Code>ldiv</Code> are the corresponding
 right and left divisions, and <Code>one</Code> is the neutral element with respect to <Code>mult</Code>.
 </Description>
</ManSection>


<ManSection Label="AutoDoc_generated_group6">
<Heading>Creating right quasigroups, quasigroups and loop by a multiplication function</Heading>
  <Func Arg="S, mult" Name="RightQuasigroupByFunction" />
  <Func Arg="S, mult" Name="QuasigroupByFunction" />
  <Func Arg="S, mult" Name="LoopByFunction" />
 <Description>
<P/>
 </Description>
</ManSection>


 <P/>These methods return a right quasigroup, a quasigroup or a loop with underlying set <Code>S</Code>
 with multiplication function <Code>mult</Code>. The implied right division function,
 left division function (for quasigroups and loops) and neutral element (for loops) are calculated automatically, 
 but are typically slow to work with.
 See Section <Ref Sect="Section_OptionalArguments"/> for the optional arguments.
<Log><![CDATA[
gap> mult := function( x, y ) return (x+2*y) mod 4; end;
function( x, y ) ... end
gap> IsRightQuasigroupFunction( [0..3], mult );
true
gap> IsQuasigroupFunction( [0..3], mult );
false
gap> RightQuasigroupByFunction( [0..3], mult );
<right quasigroup of size 4>
]]></Log>


 <P/>In the next construction, note the usage of the additive operation as a multiplication function.
<Log><![CDATA[
gap> IsLoopFunction( GF(7), \+ );
true
gap> LoopByFunction( GF(7), \+ );
<loop of size 7>
]]></Log>


 <P/>The final construction produces a loop of size just over 1 million near instantaneously since nothing is checked.
<Log><![CDATA[
gap> p := 1000003;;
gap> S := Difference( GF(p), [ Zero( GF( p ) ) ] );; # nonzero elements of GF(p)
gap> Q := LoopByFunction( S, \*, false, false ); # not index based, no arguments checked
<loop of size 1000002>
gap> One( Q );
l:ZmodpZObj( 1, 1000003 )
gap> Q.10*Q.100;
l:ZmodpZObj( 1000, 1000003 )
gap> Q.100/Q.10;
l:ZmodpZObj( 10, 1000003 )
gap> Inverse( Q.10 );
l:ZmodpZObj( 300001, 1000003 )
]]></Log>


<ManSection Label="AutoDoc_generated_group7">
<Heading>Creating right quasigroups, quasigroups and loop by multiplications and divisions</Heading>
  <Func Arg="S, mult, rdiv, ...indexBased, checkArgs" Name="RightQuasigroupByFunctions" />
  <Func Arg="S, mult, rdiv, ldiv, ...indexBased, checkArgs" Name="QuasigroupByFunctions" />
  <Func Arg="S, mult, rdiv, ldiv, one, ...indexBased, checkArgs" Name="LoopByFunctions" />
 <Description>
<P/>
 </Description>
</ManSection>


 <P/>Returns a right quasigroup, quasigroup or loop with underlying set <Code>S</Code>, multiplication function <Code>mult</Code>,
 right division <Code>rdiv</Code>, left division <Code>ldiv</Code> (for quasigroups and loops) and neutral element <Code>one</Code> (for loops).
 See Section <Ref Sect="Section_OptionalArguments"/> for the optional arguments.
 <P/>These constructors are useful when faster division operations are desired.
<Log><![CDATA[
gap> S := GF(5);;
gap> mult := function( x, y ) return x+2*y; end;;
gap> rdiv := function( x, y ) return x-2*y; end;;
gap> ldiv := function( x, y ) return (y-x)/2; end;;
gap> IsQuasigroupFunction( S, mult, rdiv, ldiv );
true
gap> QuasigroupByFunctions( S, mult, rdiv, ldiv );
<quasigroup of size 5>
]]></Log>


</Section>


</Chapter>

