<?xml version="1.0" encoding="UTF-8"?>

<!-- This is an automatically generated file. -->
<Chapter Label="Chapter_Introduction">
<Heading>Introduction</Heading>

 <P/>&RightQuasigroups; is a package for &GAP; that supports calculations with finite
 right quasigroups, quasigroups, loops and various varieties of right quasigroups, such as racks and quandles.
 <P/>In this chapter we briefly describe the main features of the implementation of
 right quasigroups in &GAP;.
 <P/>Remarks on notation: Throughout the manual, we mark by * those sections that are for readers who wish to
 understand the inner workings of the package, not for casual users.
 Global variables and auxiliary functions in &RightQuasigroups; start with the prefix <Code>RQ_</Code>.
<Section Label="Section_Categories">
<Heading>Categories and representations for right quasigroups, quasigroups and loops</Heading>

 <P/>A <Index>right quasigroup</Index><Emph>right quasigroup</Emph> is a set <Math>Q</Math>
 with a binary operation <Math>\cdot</Math> called <Index>multiplication</Index><Emph>multiplication</Emph>
 such that for every <Math>y\in Q</Math>
 the right translation <Math>R_y:Q\to Q</Math> defined by <Math>R_y(x)=x\cdot y</Math> is a permutation of <Math>Q</Math>. We
 then denote <Math>R_y^{-1}(x)</Math> by <Math>x/y</Math> and refer to <Math>/</Math> as <Index>right division</Index><Emph>right division</Emph>.
 <P/>A <Index>quasigroup</Index><Emph>quasigroup</Emph> is a right quasigroup <Math>(Q,\cdot)</Math> in which also every
 left translation <Math>L_y:Q\to Q</Math> defined by
 <Math>L_y(x) = y\cdot x</Math> is a permutation of <Math>Q</Math>. We then denote <Math>L_y^{-1}(x)</Math> by <Math>y\backslash x</Math> and
 refer to <Math>\backslash</Math> as <Index>left division</Index><Emph>left division</Emph>.
 <P/>A <Index>loop</Index><Emph>loop</Emph> is a quasigroup <Math>(Q,\cdot)</Math> with a neutral element
 <Math>e\in Q</Math> satisfying <Math>x\cdot e=x=e\cdot x</Math> for every <Math>x\in Q</Math>.
 <P/>In &GAP;, right quasigroups and their elements are constructs that mimic the mathematical objects. The set 
 on which a right quasigroup <Code>Q</Code> is based is called the <Index>underlying set</Index><Emph>underlying set</Emph>,
 cf. Section <Ref Sect="Section_Displaying"/>.
 <P/>From a universal-algebraic point of view, right quasigroups, quasigroups and loops have different signatures, which is
 why we have created separate, nested representations for the three kinds of algebras and their elements.
<ManSection Label="RightQuasigroupCategory">
<Heading>Categories and representations for right quasigroup elements and right quasigroups</Heading>
  <Filt Arg="object" Name="IsRightQuasigroupElement" Label="for IsMultiplicativeElement"/>
  <Filt Arg="object" Name="IsRightQuasigroupElmRep" Label="for IsPositionalObjectRep and IsMultiplicativeElement"/>
  <Filt Arg="object" Name="IsRightQuasigroup" Label="for IsMagma and IsRightQuasigroupAux"/>
 <Returns><Code>true</Code> or <Code>false</Code>
</Returns>
 <Description>
<P/>
 </Description>
</ManSection>


 <P/>These are the &GAP; categories and representations for right quasigroup elements and right quasigroups.
 <Code>IsRightQuasigroupElement</Code> is contained in the filter <Code>IsMultiplicativeElement</Code>,
 <Code>IsRightQuasigroupElmRep</Code> is contained in the filters <Code>IsPositionalObjectRep</Code>
 and <Code>IsMultiplicativeElement</Code>, and <Code>IsRightQuasigroup</Code> is contained in the
 filter <Code>IsMagma</Code>.
<ManSection Label="QuasigroupCategory">
<Heading>Categories and representations for quasigroup elements and quasigroups</Heading>
  <Filt Arg="object" Name="IsQuasigroupElement" Label="for IsRightQuasigroupElement and IsQuasigroupElementAux"/>
  <Filt Arg="object" Name="IsQuasigroupElmRep" Label="for IsPositionalObjectRep and IsMultiplicativeElement"/>
  <Filt Arg="object" Name="IsQuasigroup" Label="for IsRightQuasigroup and IsQuasigroupAux"/>
 <Returns><C>true</C> or <C>false</C>
</Returns>
 <Description>
<P/>
 </Description>
</ManSection>


 <P/>These are the &GAP; categories and representations for quasigroup elements and quasigroups.
 <Code>IsQuasigroupElement</Code> is contained in the filter <Code>IsRightQuasigroupElement</Code>,
 <Code>IsQuasigroupElmRep</Code> is contained in the filters <Code>IsPositionalObjectRep</Code>
 and <Code>IsMultiplicativeElement</Code>, and <Code>IsQuasigroup</Code> is contained in the
 filter <Code>IsRightQuasigroup</Code>.
<ManSection Label="LoopCategory">
<Heading>Categories and representations for loop elements and loops</Heading>
  <Filt Arg="object" Name="IsLoopElement" Label="for IsQuasigroupElement and IsMultiplicativeElementWithInverse"/>
  <Filt Arg="object" Name="IsLoopElmRep" Label="for IsPositionalObjectRep and IsMultiplicativeElementWithInverse"/>
  <Filt Arg="object" Name="IsLoop" Label="for IsQuasigroup and IsMultiplicativeElementWithInverseCollection"/>
 <Returns><C>true</C> or <C>false</C>
</Returns>
 <Description>
<P/>
 </Description>
</ManSection>


 <P/>These are the &GAP; categories and representations for loop elements and loops.
 <Code>IsLoopElement</Code> is contained in the filters <Code>IsQuasigroupElement</Code> and
 <Code>IsMultiplicativeElementWithInverse</Code>, 
 <Code>IsLoopElmRep</Code> is contained in the filters <Code>IsPositionalObjectRep</Code>
 and <Code>IsMultiplicativeElementWithInverse</Code>, and <Code>IsLoop</Code> is contained in the
 filters <Code>IsQuasigroup</Code> and <Code>IsMultiplicativeElementWithInverseCollection</Code>.
 <P/>Note that these declarations do not imply that every loop element has an inverse. 
<ManSection>
  <Oper Arg="Q" Name="CategoryOfRightQuasigroup" Label="for IsRightQuasigroup"/>
 <Returns>the smallest category from among <Code>IsRightQuasigroup</Code>, <Code>IsQuasigroup</Code> and  <Code>IsLoop</Code> to which <Arg>Q</Arg> belongs
</Returns>
 <Description>
All declared right quasigroups, quasigroups and loops belong to the filter <Code>IsRightQuasigroup</Code>.
 It is sometimes useful to know if a right quasigroup is in fact declared as a quasigroup or a loop,
 which is what the above method furnishes.
 </Description>
</ManSection>


</Section>


<Section Label="Section_Displaying">
<Heading>Displaying right quasigroups and their elements</Heading>

<Subsection Label="Chapter_Introduction_Section_Displaying_right_quasigroups_and_their_elements_Subsection_Displaying_right_quasigroups_quasigroups_and_loops">
<Heading>Displaying right quasigroups, quasigroups and loops</Heading>

 <P/>The standard <Code>ViewObj</Code> function is implemented for right quasigroups <Code>Q</Code> 
 and it always displays at least the size of <Code>Q</Code>, namely <Code>&lt;right quasigroup of size n&gt;</Code>, 
 <Code>&lt;quasigroup of size n&gt;</Code> or <Code>&lt;loop of size n&gt;</Code>, depending on whether <Code>Q</Code>
 is declared as a right quasigroup, a quasigroup or a loop.
 <P/>When additional properties of <Code>Q</Code> are known, one of the strongest properties of <Code>Q</Code> is displayed,
 as in <Code>&lt;associative loop of order n&gt;</Code>.
 <P/>Library objects are displayed with their catalog numbers, as in <Code>&lt;Moufang loop 64/12&gt;</Code>.
</Subsection>


<ManSection Label="AutoDoc_generated_group8">
<Heading>The underlying set</Heading>
  <Oper Arg="obj" Name="UnderlyingSetElm" Label="for IsRightQuasigroupElement"/>
  <Oper Arg="Q" Name="UnderlyingSet" Label="for IsRightQuasigroup"/>
 <Description>
<P/>
 </Description>
</ManSection>


 <P/>Elements of right quasigroups know implicitly into which right quasigroup they belong.
 If <Code>x</Code> is a right quasigroup element then <Code>UnderlyingSetElm( x )</Code> returns the corresponding element
 of the underlying set. If <Code>ls</Code> is a list of right quasigroup elements then <Code>UnderlyingSetElm( ls )</Code>
 returns the list of corresponding elements of the underlying set.
 If <Code>Q</Code> is a right quasigroup, both <Code>UnderlyingSetElm( Q )</Code> and <Code>UnderlyingSet( Q )</Code>
 return the underlying set of <Code>Q</Code>.
<Subsection Label="Chapter_Introduction_Section_Displaying_right_quasigroups_and_their_elements_Subsection_Displaying_right_quasigroup_elements">
<Heading>Displaying right quasigroup elements</Heading>

 <P/>The <Code>PrintObj</Code> function is implemented in &RightQuasigroups; to display elements of right quasigroups.
 By default, if <Code>Q</Code> is a right quasigroup and <Code>x</Code> is an element of the underlying set of
 <Code>Q</Code> then the corresponding element of <Code>Q</Code> is displayed as <Code>r:x</Code>, <Code>q:x</Code>
 or <Code>l:x</Code>, depending on whether <Code>Q</Code> is declared as a right quasigroup, a quasigroup or a loop.
</Subsection>


<ManSection Label="AutoDoc_generated_group9">
<Heading>Changing the name of right quasigroup elements</Heading>
  <Oper Arg="Q, s" Name="SetRightQuasigroupElementsName" Label="for IsRightQuasigroup, IsString"/>
  <Oper Arg="Q, s" Name="SetQuasigroupElementsName" Label="for IsQuasigroup, IsString"/>
  <Oper Arg="Q, s" Name="SetLoopElementsName" Label="for IsLoop, IsString"/>
 <Returns><Code>true</Code>
</Returns>
 <Description>
 Changes the name of all elements of the parent of <Arg>Q</Arg> for the purposes of displaying so that the name
 of every element starts with the prefix (string) <Arg>s</Arg>.
<P/>
 </Description>
</ManSection>


</Section>


<Section Label="Section_Elementwise">
<Heading>Accessing elements and elementwise quasigroup operations</Heading>

 <P/>The <Math>i</Math>th element of a right quasigroup <Code>Q</Code> can be obtained by <Code>Elements( Q )[ i ]</Code>
 or by <Code>Q.i</Code>. If <Code>x</Code> is an element of the underlying set of <Code>Q</Code>, the corresponding
 element of <Code>Q</Code> is obtained by <Code>Q[x]</Code>.
 <P/>The product of two right quasigroup elements <Code>x</Code> and <Code>y</Code> is obtained by <Code>x*y</Code>, while the
 right division is obtained via <Code>x/y</Code> or <Code>RightDivision(x,y)</Code>. In case of quasigroups, the left
 division is obtained by <Code>LeftDivision(x,y)</Code> but not by <Code>x\y</Code> since <Code>\</Code> is not 
 supported in &GAP; as a binary operation symbol.
 <P/>In each of these operations, one of the arguments can be a list of right quasigroup elements and then the
 corresponding list is returned.
<ManSection Label="AutoDoc_generated_group10">
<Heading>Inverses in loops</Heading>
  <Attr Arg="Q" Name="One" Label="for IsLoopElement"/>
  <Attr Arg="x" Name="RightInverse" Label="for IsLoopElement"/>
  <Attr Arg="x" Name="LeftInverse" Label="for IsLoopElement"/>
 <Description>
<P/>
 </Description>
</ManSection>


 <P/>In a loop <Code>Q</Code>, the neutral element is returned by <Code>One( Q )</Code>. Note that the neutral
 element need not be the first element <Code>Q.1</Code> of <Code>Q</Code>.
 <P/>If <Code>e</Code> is the neutral element of <Code>Q</Code>, then for every <Code>x</Code> in <Code>Q</Code>
 there are <Code>y</Code> and <Code>z</Code> in <Code>Q</Code> such that <Code>x*y = z*x = e</Code>. The element
 <Code>y</Code> is the <Index>right inverse</Index><Emph>right inverse</Emph> of <Code>x</Code> and is returned by
 <Code>RightInverse( x )</Code>. Dually, the element <Code>z</Code> is the <Index>left inverse</Index><Emph>left inverse</Emph>
 of <Code>x</Code> and is returned by <Code>LeftInverse( x )</Code>.
 <P/>If the two inverses of <Code>x</Code> coincide, the <Index>two-sided inverse</Index><Emph>two-sided inverse</Emph>
 of <Code>x</Code> is returned by <Code>Inverse(x)</Code> or by <Code>x^-1</Code>. 
<ManSection>
  <Oper Arg="x, y" Name="Commutator" Label="for IsRightQuasigroupElement, IsRightQuasigroupElement"/>
 <Returns>the commutator of <Code>x</Code> and <Code>y</Code>, that is, the unique element  <Code>z = (x*y)/(y*x)</Code> satisfying <Code>x*y = z*(y*x)</Code>.
</Returns>
 <Description>
<P/>
 </Description>
</ManSection>


<ManSection>
  <Oper Arg="x, y, z" Name="Associator" Label="for IsRightQuasigroupElement, IsRightQuasigroupElement, IsRightQuasigroupElement"/>
 <Returns>the associator of <Code>x</Code>, <Code>y</Code> and <Code>z</Code>, that is, the unique element  <Code>u = (x*(y*z))/((x*y)*z)</Code> satisfying <Code>x*(y*z) = u*((x*y)*z)</Code>.
</Returns>
 <Description>
<P/>
 </Description>
</ManSection>


</Section>


<Section Label="Section_Operations">
<Heading>Right quasigroup operations as functions</Heading>

 <P/>The multiplication in a right quasigroup of size <Math>n</Math> on an underlying set <Math>S</Math>
 is carried out via a <Index>multiplication function</Index><Emph>multiplication function</Emph>,
 which is either a function <Math>[1..n]\times[1..n]\to[1..n]</Math> or <Math>S\times S\to S</Math> 
 (see Section <Ref Sect="Section_IndexBased"/>).
 The multiplication function can be implemented in a number of ways, depending on the constructor
 for the right quasigroup in question, and it is seen as the fundamental operation for the right quasigroup.
<ManSection Label="ThreeOperations">
<Heading>Multiplication, right division and left division functions</Heading>
  <Oper Arg="Q" Name="MultiplicationFunction" Label="for IsRightQuasigroup"/>
  <Oper Arg="Q" Name="RightDivisionFunction" Label="for IsRightQuasigroup"/>
  <Oper Arg="Q" Name="LeftDivisionFunction" Label="for IsQuasigroup"/>
 <Description>
<P/>
Returns, respectively, the multiplication function, right division function and left division function
 of right quasigroup <Code>Q</Code> as a &GAP; function. For the left division, <Code>Q</Code> must be a declared
 quasigroup.
 </Description>
</ManSection>


<Subsection Label="Chapter_Introduction_Section_Right_quasigroup_operations_as_functions_Subsection_A_first_example">
<Heading>A first example</Heading>

 <P/>Chapter <Ref Chap="Chapter_Constructors"/> contains a comprehensive list of right quasigroup constructors. Here we present
 a simple constructor based on a multiplication function.
<Log><![CDATA[
gap> Q := RightQuasigroupByFunction( [0..3], function( x,y ) return (x+2*y) mod 4; end );
<right quasigroup of size 4>
gap> Elements( Q );
[ r:0, r:1, r:2, r:3 ]
gap> Display(CayleyTable(Q));
[ [  0,  2,  0,  2 ],
  [  1,  3,  1,  3 ],
  [  2,  0,  2,  0 ],
  [  3,  1,  3,  1 ] ]
]]></Log>


 If the remaining operations (right division, left division, neutral element) are not provided
 by the user, they are automatically inferred from the given multiplication operation depending on the 
 object under declaration, albeit in a fashion that
 is not necessarily conducive to fast calculations. For instance, if only the multiplication function for
 a right quasigroup <Code>Q</Code> is given, then the right division <Code>x/y</Code> returns
 the first element <Code>z</Code> of <Code>Q</Code> such that <Code>x = z*y</Code>, which is slow when <Code>Q</Code> is large.
 <P/>Note that right quasigroups that happen to be quasigroups and/or loops mathematically must be explicitly
 declared as such in &GAP; to make quasigroup and/or loop methods applicable to them. For instance,
 the above right quasigroup of order 2 is in fact an associative quasigroup (that is, a group),
 but it will not be automatically recognized as a quasigroup, loop or group by &GAP;. There are methods
 provided that check if a given right quasigroup is mathematically a quasigroup or a loop, cf. LATER.
</Subsection>


</Section>


<Section Label="Section_Parent">
<Heading>The parent right quasigroup</Heading>

 <P/>The parent mechanism is employed in &GAP; and in &RightQuasigroups; to save memory and to better indicate
 containment of subalgebras in their enveloping algebras. The <Index>parent</Index>parent <Code>Parent( Q )</Code> of
 a right quasigorup <Code>Q</Code> is the largest right quasigroup from which <Code>Q</Code> has been constructed
 as a subalgebra. In more detail, if <Code>Q</Code> is constructed as a subalgebra of a right quasigroup
 <Code>P</Code> then <Code>Parent( Q ) = Parent( P )</Code>, while if <Code>Q</Code> is not constructed
 as a subalgebra of some right quasigroup then <Code>Parent( Q ) = Q</Code>.
 <P/>Right quasigroup elements are created automatically every time a new right quasigroup
 is constructed, with one exception: When <Code>Q</Code> is constructed as a subalgebra then the
 elements of <Code>Q</Code> are inherited from <Code>Parent( Q )</Code>. In particular,
 if <Code>x</Code> is any element of <Code>Q</Code> then <Code>F = FamilyObj( x )</Code> points to <Code>Parent( Q )</Code>
 and many attributes of <Code>P</Code> can be accessed via <Code>F</Code> (see Section <Ref Sect="Section_Direct"/>). 
<Log><![CDATA[
gap> Q := RightQuasigroupByFunction([0..5], function(x,y) return (x+y) mod 6; end );; Elements( Q ); 
[ r:0, r:1, r:2, r:3, r:4, r:5 ]
gap> A := Subrightquasigroup( Q, [2] );
<right quasigroup of size 3>
gap> Elements( A );
[ r:0, r:2, r:4 ]
gap> Parent( A ) = Q;
true;
gap> Elements( A )[ 3 ];
r:4 
gap> A.3
r:4
gap> A[4];
r:4
gap> Display( CayleyTable( A ) );
[ [  0,  2,  4 ],
  [  2,  4,  0 ],
  [  4,  0,  2 ] ]
gap> Display( MultiplicationTable( A ) );
[ [  1,  2,  3 ],
  [  2,  3,  1 ],
  [  3,  1,  2 ] ]
]]></Log>


</Section>


<Section Label="Section_IndexBased">
<Heading>Index based and canonical right quasigroups</Heading>

<Subsection Label="Chapter_Introduction_Section_Index_based_and_canonical_right_quasigroups_Subsection_Index_based_right_quasigroups_versus_non-index_based_right_quasigroups">
<Heading>Index based right quasigroups versus non-index based right quasigroups.</Heading>

 <P/>Every right quasigroup <Code>Q</Code> is constructed either as an <Index>index based right quasigroup</Index>
 <Emph>index based</Emph> right quasigroup or as a right quasigroup that is not index based.
 <P/>Generally speaking, index based right quasigroups take longer to construct, cannot be very large (thousands of
 elements) and can be calculated with fast, while non-index based right quasigroups are constructed quickly,
 can be very large (millions of elements) but only basic methods will work for them.
 <P/>Let <Code>Q</Code> be a right quasigroup with parent <Code>P</Code> of size <Math>n</Math> and let 
 <Code>x</Code> be an element of <Code>Q</Code>.
 <P/>If <Code>Q</Code> is index based then:
 <List>
   <Item><Code>x![1]</Code> is the position of <Code>x</Code> among the elements of <Code>P</Code>, i.e.,
      the index of <Code>x</Code> (see below),</Item>
   <Item>the multiplication and right division tables of <Code>P</Code> are stored,</Item>
   <Item>the multiplication and right division functions of <Code>P</Code> are quick functions based on
      the multiplication and right division tables of <Code>P</Code>, respectively.</Item>
 </List>
 If <Code>Q</Code> is not index based then:
 <List>
   <Item><Code>x![1]</Code> is the element of the underlying set of <Code>Q</Code>
      corresponding to <Code>x</Code>,</Item>
   <Item>the multiplication and right division functions are possibly slow functions on the underlying set of <Code>P</Code>, 
      often based on some additional data provided by the user.</Item>
 </List>
</Subsection>


<ManSection>
  <Oper Arg="x" Name="ParentInd" Label="for IsRightQuasigroupElement"/>
 <Returns>the index of the element <Code>x</Code>, that is, the position of <Code>x</Code>  among the elements of the parent right quasigroup. The operation also accepts 
  a list of right quasigroup elements or a right quasigroup as the argument, in which
  case the corresponding list of indices is returned.
</Returns>
 <Description>
<P/>
 </Description>
</ManSection>


<ManSection>
  <Oper Arg="Q" Name="IsIndexBased" Label="for IsRightQuasigroup"/>
 <Returns><Code>true</Code> if the right quasigroup <Arg>Q</Arg> is index based, else returns <Code>false</Code>
</Returns>
 <Description>
<P/>
 </Description>
</ManSection>


<ManSection>
  <Oper Arg="Q" Name="IndexBasedCopy" Label="for IsRightQuasigroup"/>
 <Returns>a copy of <Arg>Q</Arg> that has the same underlying set as <Arg>Q</Arg>,  is index based and is its own parent.
</Returns>
 <Description>
Note that there is no general method available for converting index based right quasigroups
 into right quasigroups that are not index based.
 </Description>
</ManSection>


<Subsection Label="Chapter_Introduction_Section_Index_based_and_canonical_right_quasigroups_Subsection_Canonical_right_quasigroups">
<Heading>Canonical right quasigroups</Heading>

 <P/>A right quasigroup of size <Math>n</Math> is said to be <Index>canonical right quasigroup</Index><Emph>canonical</Emph>
 if it is index based, is its own parent, and the underlying set is <Math>[1..n]</Math>.
 Many computationally intensive methods of &RightQuasigroups; internally work with canonical right quasigroups.
</Subsection>


<ManSection>
  <Oper Arg="Q" Name="IsCanonical" Label="for IsRightQuasigroup"/>
 <Returns><Code>true</Code> if the right quasigroup <Arg>Q</Arg> of size <Math>n</Math> is canonical,  else returns <Code>false</Code>.
</Returns>
 <Description>
<P/>
 </Description>
</ManSection>


<ManSection>
  <Oper Arg="Q" Name="CanonicalCopy" Label="for IsRightQuasigroup"/>
 <Returns>a canonical copy of the right quasigroup <Arg>Q</Arg>
</Returns>
 <Description>
Note that there is no general method available for converting canonical
 right quasigroups into right quasigroups that are not canonical.
 </Description>
</ManSection>


</Section>


<Section Label="Section_Direct">
<Heading>*Direct access to the right quasigroup records</Heading>

 <P/>Let <Code>Q</Code> be a right quasigroup, <Code>F</Code> the family object of any element of <Code>Q</Code>
 (that is, <Code>F = FamilyObj(Q.1)</Code>) and <Code>P</Code> the parent of <Code>Q</Code>
 (see Section <Ref Sect="Section_Parent"/>). Then:
 <List>
 <Item><Code>F!.set</Code> is the set of &GAP; elements of <Code>P</Code>.</Item>
 <Item><Code>F!.uSet</Code> is the underlying set of <Code>P</Code>. Note that if <Code>Q</Code> is a proper
 subalgebra of <Code>P</Code> then <Code>UnderlyingSet( Q )</Code> is a proper subset of <Code>F!.uSet</Code>.</Item>
 <Item><Code>F!.mult</Code> is the multiplication function of <Code>P</Code>.</Item>
 <Item><Code>F!.rdiv</Code> is the right division function of <Code>P</Code>.</Item>
 <Item><Code>F!.ldiv</Code> is the left division function of <Code>P</Code>, if <Code>Q</Code> is a declared quasigroup.</Item>
 <Item><Code>F!.multTable</Code> is the multiplication table of <Code>P</Code>.</Item>
 <Item><Code>F!.rdivTable</Code> is the right division table of <Code>P</Code>.</Item>
 <Item><Code>F!.ldivTable</Code> is the left division table of <Code>P</Code>, if <Code>Q</Code> is a declared quasigroup.</Item>
 <Item><Code>F!.size</Code> is the size of <Code>P</Code>.</Item>
 <Item><Code>F!.indexBased</Code> determines is <Code>P</Code> and hence also <Code>Q</Code> are index based.</Item>
 <Item><Code>F!.names</Code> is the prefix used for all elements of <Code>P</Code>.</Item>
 </List>
</Section>


<Section Label="Section_Global">
<Heading>*Global variables</Heading>

 <P/>The global variable <Code>RQ_defaultIndexBased</Code> determines if by default right quasigroups
 are constructed as index based or not. It is set to <Code>true</Code>.
 <P/>The global variable <Code>RQ_defaultCheckArgs</Code> determines if by default the arguments
 of right quasigroup contructors are checked. It is set to <Code>false</Code>.
</Section>


</Chapter>

