<?xml version="1.0" encoding="UTF-8"?>

<!-- This is an automatically generated file. -->
<Chapter Label="Chapter_Morphisms">
<Heading>Homomorphisms, isomorphisms and automorphisms</Heading>

<Section Label="Chapter_Homomorphisms_isomorphisms_and_automorphisms_Section_Homomorphisms_of_right_quasigroups">
<Heading>Homomorphisms of right quasigroups</Heading>

 <P/>A mapping <Math>f:(Q_1,\cdot)\to (Q_2,*)</Math> between (right) quasigroups is a <Emph>homomorphism</Emph>
 <Index Subkey="of right quasigroups">homomorphis</Index> if <Math>f(x)*f(y) = f(x\cdot y)</Math>
 for every <Math>x,y\in Q_1</Math>. The homomorphism <Math>f</Math> then automatically preserves divisons.
 If <Math>f</Math> is also a bijection, it is an <Emph>isomorphism</Emph><Index Subkey="of right quasigroups">isomorphism</Index>.
 <P/>In &RightQuasigroups;, homomorphisms are represented as right quasigroup mappings.
 See Chapter <Ref Chap="Chapter_Mappings"/> for creating right quasigroup mappings from
 permutations and transformations.
<ManSection Label="AutoDoc_generated_group32">
<Heading>Testing homomorphisms</Heading>
  <Oper Arg="f" Name="IsRightQuasigroupHomomorphism" Label="for IsMapping"/>
  <Oper Arg="f" Name="IsQuasigroupHomomorphism" Label="for IsMapping"/>
  <Oper Arg="f" Name="IsLoopHomomorphism" Label="for IsMapping"/>
 <Returns><Code>true</Code> if the mapping <Arg>f</Arg> is a homomorphism of right quasigroups (quasigroups, loops),  else returns <Code>false</Code>. The function checks that the source and range of <Arg>f</Arg> are right quasigroups
  (quasigroups, loops) and that <Arg>f</Arg> respects multiplication.
</Returns>
 <Description>
<P/>
 </Description>
</ManSection>


<ManSection Label="AutoDoc_generated_group33">
<Heading>Testing isomorphisms</Heading>
  <Oper Arg="f" Name="IsRightQuasigroupIsomorphism" Label="for IsMapping"/>
  <Oper Arg="f" Name="IsQuasigroupIsomorphism" Label="for IsMapping"/>
  <Oper Arg="f" Name="IsLoopIsomorphism" Label="for IsMapping"/>
 <Returns><Code>true</Code> if the mapping <Arg>f</Arg> is an isomorphism of right quasigroups (quasigroups, loops),  else returns <Code>false</Code>. The function checks <Arg>f</Arg> is a bijective right quasigroup (quasigroup, loop) homomorphism.
</Returns>
 <Description>
Mappings returned by <Code>IsomorphismRightQuasigroups</Code> are right quasigroup isomorphisms.
<P/>
 </Description>
</ManSection>


<Example><![CDATA[
gap> A := QuasigroupByFunction( [0..7], function(x,y) return (x-y) mod 8; end );;
gap> B := QuasigroupByFunction( [0..3], function(x,y) return (x-y) mod 4; end );;
gap> SetQuasigroupElementsName(B, "b" );;
gap> f := function( x ) return B[ UnderlyingSetElm( x ) mod 4 ]; end;; 
gap> List( A, f );
[ b0, b1, b2, b3, b0, b1, b2, b3 ]
gap> m := MappingByFunction( A, B, f );;
gap> IsRightQuasigroupHomomorphism( m );
true
gap> IsRightQuasigroupIsomorphism( m );
false
gap> IsSurjective( m );
true
]]></Example>


<ManSection Label="AutoDoc_generated_group34">
<Heading>Testing endomorphisms</Heading>
  <Oper Arg="f" Name="IsRightQuasigroupEndomorphism" Label="for IsMapping"/>
  <Oper Arg="f" Name="IsQuasigroupEndomorphism" Label="for IsMapping"/>
  <Oper Arg="f" Name="IsLoopEndomorphism" Label="for IsMapping"/>
 <Returns><Code>true</Code> if the mapping <Arg>f</Arg> is an endomorphism of a right quasigroup (quasigroup, loop),  else returns <Code>false</Code>. The function checks that <Arg>f</Arg> is a right quasigroup (quasigroup, loop)
  homomorphism with identical source and range.
</Returns>
 <Description>
<P/>
 </Description>
</ManSection>


<ManSection Label="AutoDoc_generated_group35">
<Heading>Testing automorphisms</Heading>
  <Oper Arg="f" Name="IsRightQuasigroupAutomorphism" Label="for IsMapping"/>
  <Oper Arg="f" Name="IsQuasigroupAutomorphism" Label="for IsMapping"/>
  <Oper Arg="f" Name="IsLoopAutomorphism" Label="for IsMapping"/>
 <Returns><Code>true</Code> if the mapping <Arg>f</Arg> is an automorphism of a right quasigroup (quasigroup, loop),  else returns <Code>false</Code>. The function checks that <Arg>f</Arg> is a bijective right quasigroup
  (quasigroup, loop) endomorphism.
</Returns>
 <Description>
Note that elements of automorphism groups of right quasigroups are not
 right quasigroup automorphisms in this sense and must be converted via <Code>AsRightQuasigroupMapping</Code>.
<P/>
 </Description>
</ManSection>


<Example><![CDATA[
gap> Q := AutomorphicLoop( 15, 1 );;
gap> f := LeftInnerMapping( Q, Q.6, Q.2 );
9,8,7,10)(11,15,12,13,14)
gap> m := AsRightQuasigroupMapping( Q, f );;
MappingByFunction( <automorphic loop 15/1>, <automorphic loop 15/1>, function( x ) ... end )
gap> IsRightQuasigroupAutomorphism( m );
true
]]></Example>


<ManSection Label="AutoDoc_generated_group36">
<Heading>Homomorphisms by images</Heading>
  <Oper Arg="Q1, Q2[[, gens], imgs]" Name="RightQuasigroupHomomorphismByImages" Label="for IsRightQuasigroup, IsRightQuasigroup"/>
  <Oper Arg="Q1, Q2[[, gens], imgs]" Name="QuasigroupHomomorphismByImages" Label="for IsQuasigroup, IsQuasigroup"/>
  <Oper Arg="Q1, Q2[[, gens], imgs]" Name="LoopHomomorphismByImages" Label="for IsLoop, IsLoop"/>
 <Returns>the homomorphism from right quasigroup (quasigroup, loop) <Arg>Q1</Arg>  to right quasigroup (quasigroup, loop) <Arg>Q2</Arg>
  determined by the images <Arg>imgs</Arg> on the generators <Arg>gens</Arg> of <Arg>Q1</Arg>.
  If the list <Arg>gens</Arg> is omitted, <Code>GeneratorsOfRightQuasigroup(</Code><Arg>Q1</Arg><Code>)</Code> is used instead.
  If the list <Arg>imgs</Arg> is omitted, <Code>GeneratorsOfRightQuasigroup(</Code><Arg>Q2</Arg><Code>)</Code> is used instead.
  If <Arg>gens</Arg>, <Arg>imgs</Arg> are not of the same length, error is returned.
  If <Arg>gens</Arg> does not generate <Arg>Q1</Arg>, <Code>fail</Code> is returned.
  If the arguments do not define a homomorphism, <Code>fail</Code> is returned.
</Returns>
 <Description>
<P/>
 </Description>
</ManSection>


<Example><![CDATA[
gap> Q := CheinLoop( SymmetricGroup( 3 ) );;
gap> gens := SmallGeneratingSet( Q ); # also sets GeneratorsOfMagma in this case
[ l[ 0, (2,3) ], l[ 0, (1,2,3) ], l[ 1, () ] ]
gap> S := AsLoop( Group((1,2)) );;
gap> f := LoopHomomorphismByImages( Q, S, gens, [ S[()],S[()],S[(1,2)] ] );
MappingByFunction( <Moufang loop of size 12>, <associative loop of size 2>, function( x ) ... end )
gap> Q[ [1,(1,2,3)] ]^f;
l(1,2)
]]></Example>


<ManSection>
  <Oper Arg="f" Name="KernelRelationOfMapping" Label="for IsMapping"/>
 <Returns>the kernel relation of the mapping <Arg>f</Arg>, that is, the  equivalence relation <Code>E</Code> on <Code>Source( </Code><Arg>f</Arg><Code> )</Code> such that <Code>xEy</Code> iff <Code>x^f = y^f</Code>.
</Returns>
 <Description>
<P/>
 </Description>
</ManSection>


<Example><![CDATA[
gap> G := SymmetricGroup( 3 );;
gap> f := MappingByFunction( G, Domain([1,-1]), SignPerm );;
gap> ker := KernelRelationOfMapping( f );
<equivalence relation on SymmetricGroup( [ 1 .. 3 ] ) >
gap> EquivalenceClasses( ker );
[ {(2,3)}, {()} ]
]]></Example>


<ManSection Label="AutoDoc_generated_group37">
<Heading>Kernel of loop homomorphisms</Heading>
  <Oper Arg="f" Name="KernelOfLoopHomomorphism" Label="for IsMapping"/>
  <Oper Arg="f" Name="KernelOfLoopHomomorphismNC" Label="for IsMapping"/>
 <Returns>the kernel of the loop homomorphism <Arg>f</Arg>, that is, the subloop  of the loop <Code>Source( </Code><Arg>f</Arg><Code> )</Code> consisting of all elements <Code>x</Code> such that 
  <Code>x^f</Code> is the identity element of the loop <Code>Range( </Code><Arg>f</Arg><Code> )</Code>.
  The <Code>NC</Code> version does not check whether <Arg>f</Arg> is a loop homomorphism. 
</Returns>
 <Description>
<P/>
 </Description>
</ManSection>


<ManSection Label="AutoDoc_generated_group38">
<Heading>Natural homomorphism by congruence</Heading>
  <Oper Arg="C" Name="NaturalHomomorphismByCongruence" Label="for IsEquivalenceRelation"/>
  <Oper Arg="C" Name="NaturalHomomorphismByCongruenceNC" Label="for IsEquivalenceRelation"/>
 <Returns>the natural projection corresponding to the right quasigroup congruence <Arg>C</Arg>.  With <Code>Q = Source( </Code><Arg>C</Arg><Code> )</Code>, it returns the endomorphism <Code>f</Code> from <Code>Q</Code> to <Code>Q/</Code><Arg>C</Arg>
  such that <Code>x^f</Code> is the element of <Code>Q/</Code><Arg>C</Arg> containing <Code>x</Code> (as a congruence class).
  The <Code>NC</Code> version does not check whether <Arg>C</Arg> is a congruence.
</Returns>
 <Description>
<P/>
 </Description>
</ManSection>


<Example><![CDATA[
gap> Q := QuasigroupByFunction( [0..3], function(x,y) return (x-y) mod 4; end );;
gap> C := EquivalenceRelationByPartition( Q, [ [Q[0],Q[2]], [Q[1],Q[3]] ] );
gap> f := NaturalHomomorphismByCongruence( C );
MappingByFunction( <quasigroup of size 4>, <quasigroup of size 2>, function( x ) ... end )
gap> UnderlyingSet( Range( f ) );
[ {q0}, {q1} ]
]]></Example>


<ManSection Label="AutoDoc_generated_group39">
<Heading>Natural homomorphism by normal subloop</Heading>
  <Oper Arg="Q, S" Name="NaturalHomomorphismByNormalSubloop" Label="for IsLoop, IsLoop"/>
  <Oper Arg="Q, S" Name="NaturalHomomorphismByNormalSubloopNC" Label="for IsLoop, IsLoop"/>
 <Returns>the natural projection from the loop <Arg>Q</Arg> to the factor loop <Arg>Q</Arg><Code>/</Code><Arg>S</Arg>.  The <Code>NC</Code> version does not check whether <Arg>S</Arg> is a normal subloop of <Arg>Q</Arg>.
</Returns>
 <Description>
<P/>
 </Description>
</ManSection>


<Example><![CDATA[
gap> Q := MoufangLoop( 12, 1 );
<Moufang loop 12/1>
gap> f := NaturalHomomorphismByNormalSubloop( Q, Subloop(Q, [Q.2,Q.3] ) );
MappingByFunction( <Moufang loop 12/1>, <Moufang loop of size 2>, function( x ) ... end )
]]></Example>


</Section>


<Section Label="Chapter_Homomorphisms_isomorphisms_and_automorphisms_Section_Isomorphisms_of_right_quasigroups">
<Heading>Isomorphisms of right quasigroups</Heading>

 <P/>If <Math>f:(Q_1,\cdot)\to (Q_2,*)</Math> is an isomorphism, then <Math>x*y = f(f^{-1}(x)\cdot f^{-1}(y))</Math> for
 all <Math>x,y\in Q_1</Math>, and <Math>(Q_2,*)</Math> is called an <Emph>isomorphic copy</Emph><Index>isomorphic copy</Index>
 or an <Emph>isomorph</Emph><Index>isomorph</Index> of <Math>(Q_1,\cdot)</Math> via <Math>f</Math>.
 In &RightQuasigroups;, all isomorphisms between two right quasigroups of size <Math>n</Math> are returned
 as right quasigroup mappings, while all automorphisms of a right quasigroup are return as
 parent permutations, cf. Section <Ref Sect="Section_MappingsIntro"/>.
<ManSection Label="AutoDoc_generated_group40">
<Heading>Isomorphs</Heading>
  <Oper Arg="Q, f[, constructorStyle]" Name="IsomorphicCopyByPerm" Label="for IsRightQuasigroup, IsPerm"/>
  <Oper Arg="Q, f[, constructorStyle]" Name="RightQuasigroupIsomorph" Label="for IsRightQuasigroup, IsPerm"/>
  <Oper Arg="Q, f[, constructorStyle]" Name="QuasigroupIsomorph" Label="for IsQuasigroup, IsPerm"/>
  <Oper Arg="Q, f[, constructorStyle]" Name="LoopIsomorph" Label="for IsLoop, IsPerm"/>
 <Returns>an isomorphic copy of the right quasigroups <Code>Q</Code> via the permutation <Code>f</Code>.  If <Code>Q</Code> has size <Code>n</Code>, the permutation <Code>f</Code> must be a permutation on <Code>[1..n]</Code>.
  The resulting right quasigroup will have the same underlying set as <Code>Q</Code> and will be
  index based iff <Code>Q</Code> is index based (unless the optional argument <Code>constructorStyle</Code>
  dictates otherwise). An effort is made for the copy to inherit properties from <Code>Q</Code>.
</Returns>
 <Description>
<P/>
 </Description>
</ManSection>


 <P/>To decide if two right quasigroups are isomorphic, &RightQuasigroups; first
 calculates some isomorphism invariants and a partition invariant under isomorphisms,
 and then determines if there is an isomorphisms that respects the partition.
<ManSection>
  <Oper Arg="Q" Name="IsomorphismDiscriminator" Label="for IsRightQuasigroup"/>
 <Returns>a data structure suitable for isomorphism searches from a right quasigroup <Code>Q</Code>.
</Returns>
 <Description>
<P/>
 </Description>
</ManSection>


<ManSection>
  <Oper Arg="dis1, dis2" Name="AreEqualIsomorphismDiscriminators" Label="for IsList, IsList"/>
 <Returns><Code>true</Code> if the two isomorphism discriminators <Code>dis1</Code>, <Code>dis2</Code> (each returned by <Code>IsomorphismDiscriminator</Code>)  are equal as discriminators, else returns <Code>false</Code>. If <Code>false</Code> is returned, the two
  disriminators correspond to right quasigroups that are not isomorphic. If <Code>true</Code> is returned,
  the corresponding right quasigroups might be isomorphic.
</Returns>
 <Description>
<P/>
 </Description>
</ManSection>


<ManSection Label="AutoDoc_generated_group41">
<Heading>IsomorphismRightQuasigroups, IsomorphismQuasigroups, IsomorphismLoops</Heading>
  <Oper Arg="Q1, Q2" Name="IsomorphismRightQuasigroups" Label="for IsRightQuasigroup, IsRightQuasigroup"/>
  <Oper Arg="Q1, Q2" Name="IsomorphismQuasigroups" Label="for IsQuasigroup, IsQuasigroup"/>
  <Oper Arg="Q1, Q2" Name="IsomorphismLoops" Label="for IsLoop, IsLoop"/>
 <Returns>an isomorphism between the right quasigroups (quasigroups, loops) <Code>Q1</Code> and <Code>Q2</Code>, if one exists,  else returns <Code>fail</Code>. If an isomorphism from <Code>Q1</Code> to <Code>Q2</Code> exists, it is returned as a right quasigroup mapping.
  See Chapter <Ref Chap="Chapter_Mappings"/> for conversion options of the returned mapping.
</Returns>
 <Description>
<P/>
 </Description>
</ManSection>


<Example><![CDATA[
gap> Q1 := CheinLoop( SymmetricGroup( 3 ) );
<Moufang loop of size 12>
gap> Q2 := IsomorphicCopyByPerm( Q1, (1,5,6)(4,8) ); # properties are inherited
<Moufang loop of size 12>
gap> f := IsomorphismLoops( Q1, Q2 ); 
MappingByFunction( <Moufang loop of size 12>, <Moufang loop of size 12>, function( x ) ... end )
gap> AsCanonicalTransformation( f );
Transformation( [ 5, 1, 3, 6, 8, 2, 4, 11, 10, 12, 9, 7 ] ) # transformation on [1..12]
gap> PermutationOfImage( last ); # as permutation
(1,5,8,11,9,10,12,7,4,6,2)
]]></Example>


<ManSection Label="AutoDoc_generated_group42">
<Heading>Right quasigroups up to isomorphism</Heading>
  <Oper Arg="ls" Name="RightQuasigroupsUpToIsomorphism" Label="for IsList"/>
  <Oper Arg="ls" Name="QuasigroupsUpToIsomorphism" Label="for IsList"/>
  <Oper Arg="ls" Name="LoopsUpToIsomorphism" Label="for IsList"/>
 <Returns>a sublist of <Code>ls</Code> consisting of all right quasigroups (quasigroups, loops) in <Code>ls</Code> up to isomorphism.
</Returns>
 <Description>
<P/>
 </Description>
</ManSection>


<Example><![CDATA[
gap> Q1 := CheinLoop( SymmetricGroup( 3 ) );;
gap> Q2 := LoopIsomorph( Q1, (1,2) );;
gap> Q3 := AsLoop( CyclicGroup( 12 ) );;
gap> lps := LoopsUpToIsomorphism( [ Q1, Q2, Q3 ] );
[ <Moufang loop of size 12>, <associative loop of size 12> ]
gap> lps[1] = Q1; lps[2] = Q3;
true
true
]]></Example>


</Section>


<Section Label="Chapter_Homomorphisms_isomorphisms_and_automorphisms_Section_Automorphism_groups_of_right_quasigroups">
<Heading>Automorphism groups of right quasigroups</Heading>

<ManSection>
  <Attr Arg="Q" Name="AutomorphismGroup" Label="for IsRightQuasigroup"/>
 <Returns>the automorphism group of the right quasigroup <Code>Q</Code>  as a subgroup of the symmetric group on <Code>[1..Size(Parent(Q))]</Code>.
</Returns>
 <Description>
<P/>
 </Description>
</ManSection>


<Example><![CDATA[
gap> Q := MoufangLoop( 12, 1 );
<Moufang loop 12/1>
gap> AutomorphismGroup( Q );
Group([ (2,8)(4,12)(6,10), (2,9,10,4,11,8)(3,5)(6,7,12) ])
gap> S := Subloop( Q, [Q.3] );; ParentInd( S );
[ 1, 3, 5 ]
gap> AutomorphismGroup( S ); # consists of parent permutations
Group([ (3,5) ])
]]></Example>


</Section>


</Chapter>

