<?xml version="1.0" encoding="UTF-8"?>

<!-- This is an automatically generated file. -->
<Chapter Label="Chapter_Libraries_of_loops_racks_and_quandles">
<Heading>Libraries of loops, racks and quandles</Heading>

 <P/>Libraries of small loops, racks an quandles form an integral part of &RightQuasigroups;.
 The algebras are stored in libraries up to isomorphism and, occasionally, up to isotopism.
<Section Label="Chapter_Libraries_of_loops_racks_and_quandles_Section_A_typical_library">
<Heading>*A typical library</Heading>

 A library named <Emph>my algebras</Emph> is stored in file <File>data/my_algebras.tbl</File>
 and the corresponding data structure is named <Code>RQ_my_algebras</Code>.
 For example, when the library is called <Emph>left Bol loops</Emph>, the corresponding data file is called
 <File>data/left_Bol_loops.tbl</File> and the corresponding data structure is named <Code>RQ_left_Bol_loops</Code>.
 <P/>In most cases, the array <Code>RQ_my_algebras</Code> consists of three lists:
 <List>
 <Item><Code>RQ_my_algebras[1]</Code> is a list of orders for which there is at least one algebra in the library,</Item>
 <Item><Code>RQ_my_algebras[2,k]</Code> is the number of algebras of order <Code>RQ_my_algebras[1,k]</Code> in the library,</Item>
 <Item><Code>RQ_my_algebras[3][k][s]</Code> contains data necessary to produce the  <Code>s</Code>th algebra of order <Code>RQ_my_algebras[1,k]</Code> in the library.</Item>
 </List>
 The format of <Code>RQ_my_algebras[3]</Code> depends heavily on the particular library and is not standardized in any way. The data is often coded to save space.
 <P/>The library names are, in alphabetical order:
 <List>
 <Item>"automorphic loops",</Item>
 <Item>"CC loops",</Item>
 <Item>"connected quandles",</Item>
 <Item>"code loops",</Item>
 <Item>"interesting loops",</Item>
 <Item>"itp small loops",</Item>
 <Item>"LCC loops",</Item>
 <Item>"left Bol loops",</Item>
 <Item>"left Bruck loops",</Item>
 <Item>"Moufang loops",</Item>
 <Item>"nilpotent loops",</Item>
 <Item>"Paige loops",</Item>
 <Item>"right Bol loops",</Item>
 <Item>"right Bruck loops",</Item>
 <Item>"RCC loops",</Item>
 <Item>"small loops",</Item>
 <Item>"small quandles",</Item>
 <Item>"small racks",</Item>
 <Item>"Steiner loops".</Item>
 </List>
</Section>


<Section Label="Chapter_Libraries_of_loops_racks_and_quandles_Section_Accessing_algebras_in_the_library">
<Heading>Accessing algebras in the library</Heading>

<ManSection>
  <Oper Arg="name" Name="DisplayLibraryInfo" Label="for IsString"/>
 <Returns>Brief information about the loops contained in the library named <Arg>name</Arg>.
</Returns>
 <Description>
<P/>
 </Description>
</ManSection>


<Example><![CDATA[
gap> DisplayLibraryInfo("nilpotent loops");
The library contains all nonassociative nilpotent loops of order less than 12.
------
Extent of the library:
   2 loops of order 6
   134 loops of order 8
   8 loops of order 9
   1043 loops of order 10
true
]]></Example>


<ManSection>
  <Oper Arg="name, n, m" Name="LibraryAlgebra" Label="for IsString, IsPosInt, IsPosInt"/>
 <Returns>the <Arg>m</Arg>th algebra of order <Arg>n</Arg> from the library named <Arg>name</Arg>s.  (Note that the trailing "s" is omitted from <Arg>name</Arg>, e.g., the singular "Moufang loop"
  is used as <Arg>name</Arg> rather than the plural "Moufang loops".)
</Returns>
 <Description>
It is aso possible to access individual libraries directly, e.g., <Code>MoufangLoop( </Code><Arg>n</Arg><Code>, </Code><Arg>m</Arg><Code> )</Code>.
 </Description>
</ManSection>


<Example><![CDATA[
gap> LibraryAlgebra( "Moufang loop", 64, 10 );
<Moufang loop 64/10>
gap> MoufangLoop( 64, 10 );
<Moufang loop 64/10>
]]></Example>


</Section>


<Section Label="Chapter_Libraries_of_loops_racks_and_quandles_Section_Library_of_left_Bol_loops_and_right_Bol_loops">
<Heading>Library of left Bol loops and right Bol loops</Heading>

 <P/>The library named <Emph>left Bol loops</Emph> contains all nonassociative left Bol loops of order less than 17,
 including Moufang loops, as well as all left Bol loops of order <Math>pq</Math> for primes <Math>p>q>2</Math>.
 There are 6 such loops of order 8, 1 of order 12, 2 of order 15, 2038 of order 16, and <Math>(p+q-4)/2</Math> of order <Math>pq</Math>.
 <P/>The classification of left Bol loops of order 16 was first accomplished by Moorhouse
 <Cite Key="Mo"/>.
 Our library was generated independently and it agrees with Moorhouse's results.
 The left Bol loops of order <Math>pq</Math> were classified in
 <Cite Key="KiNaVo2015"/>.
 <P/>Note: Only left Bol loops are stored in the library. Right Bol loops are retrieved by calling <Code>OppositeLoop</Code>
 on left Bol loops.
<ManSection Label="AutoDoc_generated_group13">
<Heading>LeftBolLoop and RightBolLoop</Heading>
  <Oper Arg="n, m" Name="LeftBolLoop" Label="for IsPosInt, IsPosInt"/>
  <Oper Arg="n, m" Name="RightBolLoop" Label="for IsPosInt, IsPosInt"/>
 <Returns>the <Arg>m</Arg>th left Bol loop (right Bol loop) of order <Arg>n</Arg>.
</Returns>
 <Description>
<P/>
 </Description>
</ManSection>


</Section>


<Section Label="Chapter_Libraries_of_loops_racks_and_quandles_Section_Library_of_left_Bruck_loops_and_right_Bruck_loops">
<Heading>Library of left Bruck loops and right Bruck loops</Heading>

 <P/>The library named <Emph>left Bruck loops</Emph> contains all left Bruck loops of orders
 3, 9, 27 and 81 (there are 1, 2, 7 and 72 such loops, respectively).
 <P/>For an odd prime <Math>p</Math>, left Bruck loops of order <Math>p^k</Math> are centrally nilpotent and hence
 central extensions of the cyclic group of order <Math>p</Math> by a left Bruck loop of order <Math>p^{k-1}</Math>.
 It is known that left Bruck loops of order <Math>p</Math> and <Math>p^2</Math> are abelian groups; we have included them
 in the library because of the iterative nature of the construction of nilpotent loops.
<ManSection Label="AutoDoc_generated_group14">
<Heading>LeftBruckLoop and RightBruckLoop</Heading>
  <Oper Arg="n, m" Name="LeftBruckLoop" Label="for IsPosInt, IsPosInt"/>
  <Oper Arg="n, m" Name="RightBruckLoop" Label="for IsPosInt, IsPosInt"/>
 <Returns>the <Arg>m</Arg>th left Bruck loop (right Bruck loop) of order <Arg>n</Arg>.
</Returns>
 <Description>
<P/>
 </Description>
</ManSection>


</Section>


<Section Label="Chapter_Libraries_of_loops_racks_and_quandles_Section_Library_of_Moufang_Loops">
<Heading>Library of Moufang Loops</Heading>

 The library named <Emph>Moufang loops</Emph> contains all nonassociative Moufang loops of order <Math>n\le 64</Math> and <Math>n\in\{81,243\}</Math>.
 <P/>For <Math>n\le 63</Math>, our catalog numbers coincide with those of Goodaire et al.
 <Cite Key="Go"/>.
 The classification of Moufang loops of order 64 and 81 was carried out in
 <Cite Key="NaVo2007"/>.
 The classification of Moufang loops of order 243 was carried out by Slattery and Zenisek
 <Cite Key="SlZe2011"/>.
 <P/>The extent of the library is summarized below:
 <Display>
 \begin{array}{r|rrrrrrrrrrrrrrrrrr}
        order&amp;12&amp;16&amp;20&amp;24&amp;28&amp;32&amp;36&amp;40&amp;42&amp;44&amp;48&amp;52&amp;54&amp;56&amp;60&amp;64&amp;81&amp;243\cr
        loops&amp;1 &amp;5 &amp;1 &amp;5 &amp;1 &amp;71&amp;4 &amp;5 &amp;1 &amp;1 &amp;51&amp;1 &amp;2 &amp;4 &amp;5 &amp;4262&amp; 5 &amp;72
 \end{array}
 </Display>
 <P/>The <Emph>octonion loop</Emph><Index>octonion loop</Index><Index Subkey="octonion">loop</Index> of order 16
 (i.e., the multiplication loop of the basis elements in the 8-dimensional standard real octonion algebra)
 can be obtained as <Code>MoufangLoop(16,3)</Code>.
<ManSection>
  <Oper Arg="n, m" Name="MoufangLoop" Label="for IsPosInt, IsPosInt"/>
 <Returns>the <Arg>m</Arg>th Moufang loop of order <Arg>n</Arg>.
</Returns>
 <Description>
<P/>
 </Description>
</ManSection>


</Section>


<Section Label="Chapter_Libraries_of_loops_racks_and_quandles_Section_Library_of_code_loops">
<Heading>Library of code loops</Heading>

 <P/>The library named <Emph>code loops</Emph> contains all nonassociative code loops of order less than 65.
 There are 5 such loops of order 16, 16 of order 32, and 80 of order 64, all Moufang.
 The library merely points to the corresponding Moufang loops. See
 <Cite Key="NaVo2007"/>
 for a classification of small code loops.
<ManSection>
  <Oper Arg="n, m" Name="CodeLoop" Label="for IsPosInt, IsPosInt"/>
 <Returns>the <Arg>m</Arg>th code loop of order <Arg>n</Arg>.
</Returns>
 <Description>
<P/>
 </Description>
</ManSection>


</Section>


<Section Label="Chapter_Libraries_of_loops_racks_and_quandles_Section_Library_of_Steiner_loops">
<Heading>Library of Steiner loops</Heading>

 <P/>Here is how the libary named <Emph>Steiner loops</Emph> is described within &RightQuasigroups;:
<Log><![CDATA[
gap> DisplayLibraryInfo( "Steiner loops" );
The library contains all nonassociative Steiner loops of order less or equal to 16.
It also contains the associative Steiner loops of order 4 and 8.
------
Extent of the library:
   1 loop of order 4
   1 loop of order 8
   1 loop of order 10
   2 loops of order 14
   80 loops of order 16
true
]]></Log>


 <P/>Our labeling of Steiner loops of order 16 coincides with the labeling of Steiner triple systems of order 15 in
 <Cite Key="CoRo"/>.
<ManSection>
  <Oper Arg="n, m" Name="SteinerLoop" Label="for IsPosInt, IsPosInt"/>
 <Returns>the <Arg>m</Arg>th Steiner loop of order <Arg>n</Arg>.
</Returns>
 <Description>
<P/>
 </Description>
</ManSection>


</Section>


<Section Label="Chapter_Libraries_of_loops_racks_and_quandles_Section_Library_of_conjugacy_closed_loops">
<Heading>Library of conjugacy closed loops</Heading>

 <P/>The library named <Emph>RCC loops</Emph> contains all nonassocitive right conjugacy closed loops of order <Math>n\le 27</Math>
 up to isomorphism. The data for the library was generated by Katharina Artic
 <Cite Key="Artic"/> 
 who can also provide additional data for all right conjugacy closed loops of order <Math>n\le 31</Math>.
 <P/>Let <Math>Q</Math> be a right conjugacy closed loop, <Math>G</Math> its right multiplication group and <Math>T</Math> its right section.
 Then <Math>\langle T\rangle = G</Math> is a transitive group, and <Math>T</Math> is a union of conjugacy classes of <Math>G</Math>.
 Every right conjugacy closed loop of order <Math>n</Math> can therefore be represented as a union of certain conjugacy
 classes of a transitive group of degree <Math>n</Math>. This is how right conjugacy closed loops of order less
 than <Math>28</Math> are represented in &RightQuasigroups;.
 <P/>The following table summarizes the number of right conjugacy closed loops of a given order up to isomorphism:
 <Display>
 \begin{array}{r|rrrrrrrrrrrrrr}
         order &amp;6&amp; 8&amp;9&amp;10&amp; 12&amp;14&amp;15&amp;  16\cr
         loops &amp;3&amp;19&amp;5&amp;16&amp;155&amp;97&amp; 17&amp;6317\cr
         \hline
         order &amp;18&amp;  20&amp;21&amp;   22&amp;    24&amp; 25&amp;    26&amp;    27\cr
         loops &amp;1901&amp;8248&amp;119&amp;10487&amp;471995&amp; 119&amp;151971&amp;152701
 \end{array}
 </Display>
 <P/>Note: Only the right conjugacy closed loops are stored in the library.
 Left conjugacy closed loops are obtained from right conjugacy closed loops via <Code>OppositeLoop</Code>.
<ManSection Label="AutoDoc_generated_group15">
<Heading>Right conjugacy closed loops</Heading>
  <Oper Arg="n, m" Name="RCCLoop" Label="for IsPosInt, IsPosInt"/>
  <Oper Arg="n, m" Name="RightConjugacyClosedLoop" Label="for IsPosInt, IsPosInt"/>
 <Returns>the <Arg>m</Arg>th right conjugacy closed loop of order <Arg>n</Arg>.
</Returns>
 <Description>
<P/>
 </Description>
</ManSection>


<ManSection Label="AutoDoc_generated_group16">
<Heading>Left conjugacy closed loops</Heading>
  <Oper Arg="n, m" Name="LCCLoop" Label="for IsPosInt, IsPosInt"/>
  <Oper Arg="n, m" Name="LeftConjugacyClosedLoop" Label="for IsPosInt, IsPosInt"/>
 <Returns>the <Arg>m</Arg>th left conjugacy closed loop of order <Arg>n</Arg>.
</Returns>
 <Description>
<P/>
 </Description>
</ManSection>


 <P/>The library named <Emph>CC loops</Emph> contains all CC loops of order <Math>2\le 2^k\le 64</Math>, <Math>3\le 3^k\le 81</Math>,
 <Math>5\le 5^k\le 125</Math>, <Math>7\le 7^k\le 343</Math>, all nonassociative CC loops of order less than 28,
 and all nonassociative CC loops of order <Math>p^2</Math> and <Math>2p</Math> for any odd prime <Math>p</Math>.
 <P/>By results of Kunen
 <Cite Key="Kun"/>,
 for every odd prime <Math>p</Math> there are precisely 3 nonassociative conjugacy closed loops of order <Math>p^2</Math>.
 Cs&#246;rg&#337; and Dr&#225;pal
 <Cite Key="CsDr"/>
 described these 3 loops by multiplicative formulas on <Math>\mathbb{Z}_{p^2}</Math> and <Math>\mathbb{Z}_p \times \mathbb{Z}_p</Math> as follows:
 <List>
 <Item>Case <Math>m = 1</Math>:Let <Math>k</Math> be the smallest positive integer relatively prime to <Math>p</Math> and such that <Math>k</Math>
 is a square modulo <Math>p</Math> (i.e., <Math>k=1</Math>). Define multiplication on <Math>\mathbb{Z}_{p^2}</Math> by <Math>x\cdot y = x + y + kpx^2y</Math>.</Item>
 <Item>Case <Math>m = 2</Math>: Let <Math>k</Math> be the smallest positive integer relatively prime to <Math>p</Math> and such that <Math>k</Math>
 is not a square modulo <Math>p</Math>. Define multiplication on <Math>\mathbb{Z}_{p^2}</Math> by <Math>x\cdot y = x + y + kpx^2y</Math>.</Item>
 <Item>Case <Math>m = 3</Math>: Define multiplication on <Math>\mathbb{Z}_p \times \mathbb{Z}_p</Math> by <Math>(x,a)(y,b) = (x+y, a+b+x^2y )</Math>.</Item>
 </List>
 <P/>Moreover, Wilson
 <Cite Key="Wi"/>
 constructed a nonassociative conjugacy closed loop of order <Math>2p</Math> for every odd prime <Math>p</Math>, and Kunen
 <Cite Key="Kun"/>
 showed that there are no other nonassociative conjugacy closed oops of this order.
 Here is the relevant multiplication formula on <Math>\mathbb{Z}_2 \times \mathbb{Z}_p</Math>:
 <Math>(0,m)(0,n) = ( 0, m + n )</Math>, <Math>(0,m)(1,n) = ( 1, -m + n )</Math>, <Math>(1,m)(0,n) = ( 1, m + n)</Math>, <Math>(1,m)(1,n) = ( 0, 1 - m + n )</Math>.
<ManSection Label="AutoDoc_generated_group17">
<Heading>Conjugacy closed loops</Heading>
  <Oper Arg="n, m" Name="CCLoop" Label="for IsPosInt, IsPosInt"/>
  <Oper Arg="n, m" Name="ConjugacyClosedLoop" Label="for IsPosInt, IsPosInt"/>
 <Returns>the <Arg>m</Arg>th conjugacy closed loop of order <Arg>n</Arg>.
</Returns>
 <Description>
<P/>
 </Description>
</ManSection>


</Section>


<Section Label="Chapter_Libraries_of_loops_racks_and_quandles_Section_Library_of_small_loops">
<Heading>Library of small loops</Heading>

 <P/>The library named <Emph>small loops</Emph> contains all nonassociative loops of order 5 and 6.
 There are 5 and 107 such loops, respectively.
<ManSection>
  <Oper Arg="n, m" Name="SmallLoop" Label="for IsPosInt, IsPosInt"/>
 <Returns>the <Arg>m</Arg>th small loop of order <Arg>n</Arg>.
</Returns>
 <Description>
<P/>
 </Description>
</ManSection>


</Section>


<Section Label="Chapter_Libraries_of_loops_racks_and_quandles_Section_Library_of_Paige_loops">
<Heading>Library of Paige loops</Heading>

 <P/><Emph>Paige loops</Emph><Index>Paige loop</Index><Index Subkey="Paige">loop</Index> are nonassociative finite
 simple Moufang loops. Liebeck showed 
 <Cite Key="Li"/>
 that there is precisely one Paige loop for every finite field.
 <P/>The library named <Emph>Paige loops</Emph> contains a single loop, the smallest nonassociative simple Moufang loop of order 120
 over the 2-element field.
<ManSection>
  <Oper Arg="q" Name="PaigeLoop" Label="for IsPosInt"/>
 <Returns>the Paige loop over the finite field of order <Arg>q</Arg>. Only the case <Arg>q</Arg><Code>=2</Code> is implemented.
</Returns>
 <Description>
<P/>
 </Description>
</ManSection>


</Section>


<Section Label="Chapter_Libraries_of_loops_racks_and_quandles_Section_Library_of_nilpotent_loops">
<Heading>Library of nilpotent loops</Heading>

 <P/>The library named <Emph>nilpotent loops</Emph> contains all nonassociative nilpotent loops of order less than
 12 up to isomorphism. There are 2 nonassociative nilpotent loops of order 6, 134 of order 8,
 8 of order 9 and 1043 of order 10.
 <P/>See
 <Cite Key="DaVo"/>
 for more on enumeration of nilpotent loops. For instance, there
 are 2623755 nilpotent loops of order 12, and 123794003928541545927226368 nilpotent loops of order 22.
<ManSection>
  <Oper Arg="n, m" Name="NilpotentLoop" Label="for IsPosInt, IsPosInt"/>
 <Returns>the <Arg>m</Arg>th nilpotent loop of order <Arg>n</Arg>.
</Returns>
 <Description>
<P/>
 </Description>
</ManSection>


</Section>


<Section Label="Chapter_Libraries_of_loops_racks_and_quandles_Section_Library_of_automorphic_loops">
<Heading>Library of automorphic loops</Heading>

 <P/>The library named <Emph>automorphic loops</Emph> contains all nonassociative automorphic loops of order
 less than 16 up to isomorphism (there is 1 such loop of order 6, 7 of order 8, 3 of order 10,
 2 of order 12, 5 of order 14, and 2 of order 15) and all commutative automorphic loops of order
 3, 9, 27 and 81 (there are 1, 2, 7 and 72 such loops).
 <P/>It turns out that commutative automorphic loops of order 3, 9, 27 and 81 (but not 243)
 are in one-to-on correspondence with left Bruck loops of the respective orders, see
 <Cite Key="Greer"/>, <Cite Key="StuhlVojtechovsky"/>.
 Only the left Bruck loops are stored in the library.
<ManSection>
  <Oper Arg="n, m" Name="AutomorphicLoop" Label="for IsPosInt, IsPosInt"/>
 <Returns>the <Arg>m</Arg>th automorphic loop of order <Arg>n</Arg>.
</Returns>
 <Description>
<P/>
 </Description>
</ManSection>


</Section>



<Section Label="Chapter_Libraries_of_loops_racks_and_quandles_Section_Library_of_small_racks">
<Heading>Library of small racks</Heading>

 <P/>The library named <Emph>small racks</Emph> contains all racks of order less than 11 up to isomorphism. There are
 1, 2, 6, 19, 74, 353, 2080, 16023, 159526, 2093244 such racks, respectively. (The 36265070 racks of order
 11 are available from the second author upon request.)
<ManSection>
  <Oper Arg="n, m" Name="SmallRack" Label="for IsPosInt, IsPosInt"/>
 <Returns>the <Arg>m</Arg>th rack of order <Arg>n</Arg>.
</Returns>
 <Description>
<P/>
 </Description>
</ManSection>


</Section>


<Section Label="Chapter_Libraries_of_loops_racks_and_quandles_Section_Library_of_small_quandles">
<Heading>Library of small quandles</Heading>

 <P/>The library named <Emph>small quandles</Emph> contains all quandles of order less than 12 up to isomorphism. There are
 1, 1, 3, 7, 22, 73, 298, 1581, 11079, 102771, 1275419 such racks, respectively. (The 21101335) quandles of order
 12 are available from the second author by request.)
<ManSection>
  <Oper Arg="n, m" Name="SmallQuandle" Label="for IsPosInt, IsPosInt"/>
 <Returns>the <Arg>m</Arg>th quandle of order <Arg>n</Arg>.
</Returns>
 <Description>
<P/>
 </Description>
</ManSection>


</Section>


<Section Label="Chapter_Libraries_of_loops_racks_and_quandles_Section_Library_of_small_loops_up_to_isotopism">
<Heading>Library of small loops up to isotopism</Heading>

 <P/>For the library named <Emph>small loops</Emph> we also provide the corresponding library of loops up to isotopism. There is
 1 nonassociative loop of order 5 and 20 nonassociative loops of order 6 up to isotopism.
 <P/>In general, given a library named <Emph>name</Emph>, the corresponding library of loops up to isotopism is named <Emph>itp name</Emph>,
 and the loops can be retrieved by a function with the prefix <Code>Itp</Code>.
<Log><![CDATA[
gap> SmallLoop( 6, 14 );
<small loop 6/14>
gap> ItpSmallLoop( 6, 14 );
<small loop 6/42>
gap> LibraryAlgebra( "itp small loop", 6, 14 );
<small loop 6/42>
]]></Log>


<P/>Note that loops up to isotopism form a subset of the corresponding library of loops up to isomorphism.
 For instance, the above example shows that the 14th small loop of order 6 up to isotopism is in fact the
 42nd small loop of order 6 up to isomorphism.
<ManSection>
  <Oper Arg="n, m" Name="ItpSmallLoop" Label="for IsPosInt, IsPosInt"/>
 <Returns>the <Arg>m</Arg>th small loop of order <Arg>n</Arg> up to isotopism.
</Returns>
 <Description>
<P/>
 </Description>
</ManSection>


</Section>


<Section Label="Chapter_Libraries_of_loops_racks_and_quandles_Section_Library_of_interesting_loops">
<Heading>Library of interesting loops</Heading>

 <P/>The library named <Emph>interesting loops</Emph> contains some loops that are illustrative in the theory of loops.
 At this point, the library contains a nonassociative loop of order 5, a nonassociative nilpotent loop
 of order 6, a non-Moufang left Bol loop of order 16, the loop of
 sedenions<Index>sedenion loop</Index><Index Subkey="sedenion">loop</Index> of order 32
 (sedenions generalize octonions), and the unique nonassociative simple right Bol loop of order 96 and exponent 2.
<ManSection>
  <Oper Arg="n, m" Name="InterestingLoop" Label="for IsPosInt, IsPosInt"/>
 <Returns>the <Arg>m</Arg>th interesting loop of order <Arg>n</Arg>.
</Returns>
 <Description>
<P/>
 </Description>
</ManSection>


</Section>


<Section Label="Chapter_Libraries_of_loops_racks_and_quandles_Section_Library_of_connected_quandles">
<Heading>Library of connected quandles</Heading>

 <P/>The library name <Emph>connected quandles</Emph> contains all connected quandles of order less than 48 up to isomorphism.
 A quandle <Code>Q</Code> is connected if its right multiplication group acts transitively on <Code>Q</Code>.
<ManSection>
  <Oper Arg="n, m" Name="ConnectedQuandle" Label="for IsPosInt, IsPosInt"/>
 <Returns>the <Arg>m</Arg>th connected quandle of order <Arg>n</Arg>.
</Returns>
 <Description>
<P/>
 </Description>
</ManSection>


</Section>


</Chapter>

