<?xml version="1.0" encoding="UTF-8"?>

<!-- This is an automatically generated file. -->
<Chapter Label="Chapter_Bol_loops_Bruck_loops_and_Moufang_loops">
<Heading>Bol loops, Bruck loops and Moufang loops</Heading>

<Section Label="Chapter_Bol_loops_Bruck_loops_and_Moufang_loops_Section_Bol_loops_and_Bruck_loops">
<Heading>Bol loops and Bruck loops</Heading>

 <P/>A right Bruck loop is a right Bol loop satisfying the automorphic inverse property.
 If <Math>Q</Math> is a right Bol loop in which the squaring map <Math>x\mapsto x^2</Math> is a permutation,
 then <Math>(Q,\circ)</Math> with multiplication <Math>x\circ y = ((x(yy))x)^{1/2}</Math> is a right Bruck loop,
 the right Bruck loop <Index>associated right Bruck loop</Index><Emph>associated</Emph>
 with <Math>Q</Math>. Here, <Math>x^{1/2}</Math> is the square-root of <Math>x</Math>, the unique element <Math>y</Math> of <Math>Q</Math> such
 that <Math>y^2=x</Math>.
 <P/>For a left Bol loop in which squaring is a permutation, the 
 associated left Bruck loop is defined by <Math>x\circ y = (x((yy)x))^{1/2}</Math>. 
<ManSection Label="AutoDoc_generated_group1">
<Heading>Associated Bruck loop</Heading>
  <Attr Arg="Q" Name="AssociatedRightBruckLoop" Label="for IsRightBolLoop"/>
  <Attr Arg="Q" Name="AssociatedLeftBruckLoop" Label="for IsLeftBolLoop"/>
 <Returns>the right (left) Bruck loop associated with the right (left) Bol loop <Code>Q</Code>.  The returned loop is index based iff <Code>Q</Code> is index based.
</Returns>
 <Description>
<P/>
 </Description>
</ManSection>


 <P/>A triple <Math>G</Math>, <Math>H_1</Math>, <Math>H_2</Math> is an <Index>exact group factorization</Index><Emph>exact group factorization</Emph>
 if <Math>H_1</Math>, <Math>H_2</Math> are subgroups of <Math>G</Math> such that <Math>H_1\cap H_2=1</Math> and <Math>H_1H_2=G</Math>.
 <P/>Given an exact group factorization <Math>G</Math>, <Math>H_1</Math>, <Math>H_2</Math>, the triple <Math>(G\times G, H_1\times H_2, \{(g,g^{-1}):g\in G\})</Math>
 is a loop right folder and the resulting group is automatically a right Bol loop.
<ManSection>
  <Oper Arg="G, H1, H2" Name="IsExactGroupFactorization" Label="for IsGroup, IsGroup, IsGroup"/>
 <Returns><Code>true</Code> if <Code>G</Code>, <Code>H1</Code>, <Code>H2</Code> is an exact group factorization, else returns <Code>false</Code>.
</Returns>
 <Description>
<P/>
 </Description>
</ManSection>


<ManSection>
  <Oper Arg="G, H1, H2[, constructorStyle]" Name="RightBolLoopByExactGroupFactorization" Label="for IsGroup, IsGroup, IsGroup"/>
 <Returns>the right Bol loop obtained from the exact group factorization <Code>G</Code>, <Code>H1</Code>, <Code>H2</Code>.
</Returns>
 <Description>
<P/>
 </Description>
</ManSection>


<Example><![CDATA[
gap> G := SymmetricGroup( 5 );;
gap> H1 := Subgroup( G, [(1,2),(1,3),(1,4)] );;
gap> H2 := Subgroup( G, [(1,2,3,4,5)] );;
gap> IsExactGroupFactorization( G, H1, H2 );
true
gap> RightBolLoopByExactGroupFactorization( G, H1, H2 );
<right Bol loop of order 120>
]]></Example>


</Section>


<Section Label="Chapter_Bol_loops_Bruck_loops_and_Moufang_loops_Section_Triality_for_Moufang_loops">
<Heading>Triality for Moufang loops</Heading>

 <P/>Let <Math>G</Math> be a group and <Math>\sigma</Math>, <Math>\rho</Math> be automorphisms of <Math>G</Math> satisfying <Math>\sigma^2 = \rho^3 = (\sigma \rho)^2 = 1</Math>.
 Below we write automorphisms as exponents and <Math>[g,\sigma]</Math> for <Math>g^{-1}g^\sigma</Math>. We say that the triple <Math>(G,\rho,\sigma)</Math>
 is a <Emph>group with triality</Emph><Index>group with triality</Index> if <Math>[g, \sigma] [g,\sigma]^\rho [g,\sigma]^{\rho^2} =1</Math>
 holds for all <Math>g \in G</Math>. It is known that one can associate a group with triality <Math>(G,\rho,\sigma)</Math> in a canonical way
 with a Moufang loop <Math>Q</Math>. See
 <Cite Key="NaVo2003"/>
 for more details.
 <P/>For any Moufang loop <Math>Q</Math>, we can calculate the triality group as a permutation group acting on <Math>3|Q|</Math> points.
 If the multiplication group of <Math>Q</Math> is polycyclic, then we can also represent the triality group as a pc group.
 In both cases, the automorphisms <Math>\sigma</Math> and <Math>\rho</Math> are in the same family as the elements of <Math>G</Math>.
<ManSection>
  <Oper Arg="Q" Name="TrialityPermGroup" Label="for IsLoop"/>
 <Returns>a record with components <Code>G</Code>, <Code>rho</Code>, <Code>sigma</Code>, where <Code>G</Code>  is the canonical group with triality associated with a Moufang loop <Arg>Q</Arg>, and <Code>rho</Code>, <Code>sigma</Code>
  are the corresponding triality automorphisms. We allow <Arg>Q</Arg> to be a group.
</Returns>
 <Description>
<P/>
 </Description>
</ManSection>


<ManSection>
  <Oper Arg="Q" Name="TrialityPcGroup" Label="for IsLoop"/>
 <Description>
This is a variation of <Code>TrialityPermGroup</Code> in which <Code>G</Code> is returned as a pc group.
 </Description>
</ManSection>


</Section>


<Section Label="Chapter_Bol_loops_Bruck_loops_and_Moufang_loops_Section_Quarter_modifications_of_Moufang_loops">
<Heading>Quarter modifications of Moufang loops</Heading>

 <P/>Dr&#225;pal 
 <Cite Key="DrapalCD"/>
 described two prominent families of extensions of Moufang loops. The common feature of these extensions is that
 they modify multiplication tables of groups or other Moufang loops in exactly one quarter of the mutliplication table.
 It turns out that these extensions suffice to obtain all nonassociative Moufang loops of order at most 64 if one starts with so-called Chein loops.
 We call the two constructions <Emph>Moufang modifications</Emph><Index Subkey="Moufang">modification</Index>. The library of Moufang loops 
 used to be based on Moufang modifications. See
 <Cite Key="DrVo"/>
 for details.
<ManSection>
  <Oper Arg="G[, constructorStyle]" Name="CheinLoop" Label="for IsGroup"/>
 <Returns>the Chein loop constructed from the group <Code>G</Code>, that is, the Moufang loop on <Code>[0,1] x G</Code> with multiplication  <Display> (0,x)(0,y) = (0,xy),\ (0,x)(1,y) = (1,yx),\, (1,x)(0,y) = (1,xy^{-1}),\ (1,x)(1,y) = (0,yx^{-1}). </Display>
  The resulting Moufang loop is associative iff <Code>G</Code> is commutative.
</Returns>
 <Description>
<P/>
 </Description>
</ManSection>


<ManSection Label="AutoDoc_generated_group43">
<Heading>*Cyclic modification</Heading>
  <Func Arg="Q, S, a, h" Name="LoopByCyclicModification" />
 <Returns>The cyclic modification of a Moufang loop <Arg>Q</Arg> obtained from <Arg>S</Arg>, <Arg>a</Arg><Math>=\alpha</Math> and <Arg>h</Arg> as described below.  We allow <Arg>S</Arg> to be normal subloop of <Arg>L</Arg> or a list of elements of <Arg>L</Arg> generating a normal subloop.
  The returned loop will always be index based.
</Returns>
 <Description>
Assume that <Math>Q</Math> is a Moufang loop with a normal subloop <Math>S</Math> such that <Math>Q/S</Math> is a cyclic group of order <Math>2m</Math>.
 Let <Math>h\in S\cap Z(L)</Math>. Let <Math>\alpha</Math> be a generator of <Math>Q/S</Math> and write <Math>Q = \bigcup_{i\in M} \alpha^i</Math>, where
 <Math>M=\{-m+1</Math>, <Math>\dots</Math>, <Math>m\}</Math>. Let <Math>\sigma:\mathbb{Z}\to M</Math> be defined by
 <Math>\sigma(i)=0</Math> if <Math>i\in M</Math>, <Math>\sigma(i)=1</Math> if <Math>i>m</Math>, and <Math>\sigma(i)=-1</Math> if <Math>i&lt;-m+1</Math>.
 Introduce a new multiplication <Math>*</Math> on <Math>Q</Math> by <Math>x*y = xyh^{\sigma(i+j)}</Math>, where <Math>x\in \alpha^i</Math>, <Math>y\in\alpha^j</Math>,
 <Math>i\in M</Math> and <Math>j\in M</Math>.
 Then <Math>(Q,*)</Math> is a Moufang loop, a <Emph>cyclic modification</Emph><Index Subkey="cyclic">modification</Index> of <Math>Q</Math>.
 </Description>
</ManSection>


<ManSection Label="AutoDoc_generated_group44">
<Heading>*Dihedral modification</Heading>
  <Func Arg="Q, S, e, f, h" Name="LoopByDihedralModification" />
 <Returns>The dihedral modification of a Moufang loop <Arg>Q</Arg> obtained from <Arg>S</Arg>, <Arg>e</Arg>, <Arg>f</Arg> and <Arg>h</Arg> as described below.  We allow <Arg>S</Arg> to be normal subloop of <Arg>L</Arg> or a list of elements of <Arg>L</Arg> generating a normal subloop.
  The returned loop will always be index based.
</Returns>
 <Description>
Let <Math>Q</Math> be a Moufang loop with a normal subloop <Math>S</Math> such that <Math>Q/S</Math> is a dihedral group of order <Math>4m</Math>,
 with <Math>m\ge 1</Math>. Let <Math>M</Math> and <Math>\sigma</Math> be efined as in the cyclic case. Let <Math>\beta</Math>, <Math>\gamma</Math> be two involutions
 of <Math>Q/S</Math> such that <Math>\alpha=\beta\gamma</Math> generates a cyclic subgroup of <Math>Q/S</Math> of order <Math>2m</Math>. Let <Math>e\in\beta</Math>
 and <Math>f\in\gamma</Math> be arbitrary. Then <Math>Q</Math> can be written as a disjoint union <Math>Q=\bigcup_{i\in M}(\alpha^i\cup e\alpha^i)</Math>,
 and also <Math>Q=\bigcup_{i\in M}(\alpha^i\cup \alpha^if)</Math>. Let <Math>G_0=\bigcup_{i\in M}\alpha^i</Math>, and <Math>G_1=L\setminus G_0</Math>.
 Let <Math>h\in S\cap N(L)\cap Z(G_0)</Math>. Introduce a new multiplication <Math>*</Math> on <Math>Q</Math> by <Math>x*y = xyh^{(-1)^r\sigma(i+j)}</Math>,
 where <Math>x\in\alpha^i\cup e\alpha^i</Math>, <Math>y\in\alpha^j\cup \alpha^jf</Math>, <Math>i\in M</Math>, <Math>j\in M</Math>, <Math>y\in G_r</Math> and <Math>r\in\{0,1\}</Math>.
 Then <Math>(Q,*)</Math> is a Moufang loop, a <Emph>dihedral modification</Emph><Index Subkey="dihedral">modification</Index> of <Math>Q</Math>.
 </Description>
</ManSection>


</Section>


</Chapter>

