<?xml version="1.0" encoding="UTF-8"?>

<!-- This is an automatically generated file. -->
<Chapter Label="Chapter_Topisms">
<Heading>Homotopisms, isotopisms and autotopisms</Heading>

<Section Label="Chapter_Homotopisms_isotopisms_and_autotopisms_Section_Homotopisms_of_right_quasigroups">
<Heading>Homotopisms of right quasigroups</Heading>

 <P/>Blah blah.
</Section>


<Section Label="Chapter_Homotopisms_isotopisms_and_autotopisms_Section_Isotopisms_of_right_quasigroups">
<Heading>Isotopisms of right quasigroups</Heading>

<ManSection Label="AutoDoc_generated_group82">
<Heading>IsotopismRightQuasigroups, IsotopismQuasigroups, IsotopismLoops</Heading>
  <Oper Arg="Q1, Q2" Name="IsotopismRightQuasigroups" Label="for IsRightQuasigroup, IsRightQuasigroup"/>
  <Oper Arg="Q1, Q2" Name="IsotopismQuasigroups" Label="for IsQuasigroup, IsQuasigroup"/>
  <Oper Arg="Q1, Q2" Name="IsotopismLoops" Label="for IsLoop, IsLoop"/>
 <Returns>an isotopism from the right quasigroup (quasigroup, loop) <Code>Q1</Code> onto  the right quasigroup (quasigroup, loop) <Code>Q2</Code>, if it exists, else returns <Code>fail</Code>.
  The isotopism is returned as a triple of permutations on <Math>[1..n]</Math>, where <Math>n</Math>
  is the size of <Code>Q1</Code> (and hence also the size of <Code>Q2</Code>).
</Returns>
 <Description>
NOTE: THERE IS NO METHOD FOR RIGHT QUASIGROUPS AND QUASIGROUPS YET.
<P/>
 </Description>
</ManSection>


<Example><![CDATA[
gap> t := [ [1,2,3,4,5,6], [2,1,6,5,3,4], [3,4,5,2,6,1], [4,6,1,3,2,5], [5,3,4,6,1,2], [6,5,2,1,4,3] ];;
gap> Q1 := LoopByCayleyTable( t );;
gap> RightQuasigroupIsotope( Q1, (1,2), (), (3,4) );
<right quasigroup of size 6>
gap> QuasigroupIsotope( Q1, (1,2), (), (3,4) ); # LoopIsotope with arguments checked will return an error 
<quasigroup or size 6>
gap> Q2 := LoopIsomorph( Q1, (3,4) );;
gap> Q3 := PrincipalLoopIsotope( Q2, Q2.5, Q2.6 );; # a loop isotopic to Q1
gap> IsomorphismLoops( Q1, Q2 );
(3,4)
gap> IsomorphismLoops( Q1, Q3 );
fail
gap> IsotopismLoops( Q1, Q3 );
[ (2,4,6,3), (1,3,4)(2,5,6), (2,4,6,3) ]
]]></Example>


<ManSection Label="AutoDoc_generated_group83">
<Heading>Right quasigroups up to isotopism</Heading>
  <Oper Arg="ls" Name="RightQuasigroupsUpToIsotopism" Label="for IsList"/>
  <Oper Arg="ls" Name="QuasigroupsUpToIsotopism" Label="for IsList"/>
  <Oper Arg="ls" Name="LoopsUpToIsotopism" Label="for IsList"/>
 <Returns>a sublist of <Code>ls</Code> consisting of all right quasigroups (quasigroups, loops) in <Code>ls</Code> up to isotopism.
</Returns>
 <Description>
NOTE: THERE IS NO METHOD FOR RIGHT QUASIGROUPS AND QUASIGROUPS YET.
<P/>
 </Description>
</ManSection>


</Section>


<Section Label="Chapter_Homotopisms_isotopisms_and_autotopisms_Section_Isotopes_of_right_quasigroups">
<Heading>Isotopes of right quasigroups</Heading>

 <P/>A triple of mappings <Math>f,g,h:(Q_1,\cdot)\to (Q_2,*)</Math> between (right) quasigroups is an <Emph>homotopism</Emph>
 <Index Subkey="of right quasigroups">homotopism</Index> if <Math>f(x)*g(y) = h(x\cdot y)</Math>
 for every <Math>x,y\in Q_1</Math>. If <Math>f</Math>, <Math>g</Math>, <Math>h</Math> are also bijection, the triple is
 an <Emph>isotopism</Emph><Index Subkey="of right quasigroups">isotopism</Index>.
 <P/>If <Math>f,g,h:(Q_1,\cdot)\to (Q_2,*)</Math> is an isotopism, then <Math>x*y = h(f^{-1}(x)\cdot g^{-1}(y))</Math> for
 all <Math>x,y\in Q</Math>, and <Math>(Q_2,*)</Math> is called an <Emph>isotope</Emph><Index>isotope</Index> of <Math>(Q_1,\cdot)</Math> via <Math>f</Math>, <Math>g</Math>, <Math>h</Math>.
 The isotope <Math>(Q,\circ)</Math> is a (right) quasigroup iff <Math>(Q,\cdot)</Math> is a (right) quasigroup, but an isotope
 of a loop might not be a loop. 
 <P/>Given a quasigroup <Math>(Q,\cdot,/,\backslash)</Math> and <Math>a,b\in Q</Math>, the <Index>principal loop isotope</Index>
 <Emph>principal loop isotope</Emph> via <Math>a,b</Math> is defined as <Math>(Q,\circ)</Math>, where <Math>x\circ y = (x/a)\cdot(b\backslash y)</Math>.
 The principal loop isotope is automatically a loop with neutral element <Math>b\cdot a</Math>.
 <P/>Every isotopism of loops can be written as the composition of a principal loop isotopism and an isomorphism.
<ManSection>
  <Oper Arg="Q, f, g, h[, constructorStyle ]" Name="RightQuasigroupIsotope" Label="for IsRightQuasigroup, IsPerm, IsPerm, IsPerm"/>
 <Returns>a right quasigroup that is an isotope of the right quasigroup <Code>Q</Code> via the permutations <Code>f</Code>, <Code>g</Code>, <Code>h</Code>.  The permutations must belong to the symmetric group <Code>[1..Size(Q)]</Code>.
  The resulting right quasigroup will have the same underlying set as <Code>Q</Code> and will be index based
  iff <Code>Q</Code> is index based (unless the optional argument <Code>constructorStyle</Code> dictates otherwise).
</Returns>
 <Description>
We do not provide a function <Code>IsotopicCopyByPerms</Code> (in analogy to <Code>IsotopicCopyByPerm</Code>)
 since the category of the resulting algebra is not necessarily preserved.
 </Description>
</ManSection>


<ManSection>
  <Oper Arg="Q, f, g, h[, constructorStyle ]" Name="QuasigroupIsotope" Label="for IsQuasigroup, IsPerm, IsPerm, IsPerm"/>
 <Returns>a quasigroup that is an isotope of the quasigroup <Code>Q</Code> via the permutations <Code>f</Code>, <Code>g</Code>, <Code>h</Code>.  The permutations must belong to the symmetric group <Code>[1..Size(Q)]</Code>.
  The resulting quasigroup will have the same underlying set as <Code>Q</Code> and will be index based
  iff <Code>Q</Code> is index based (unless the optional argument <Code>constructorStyle</Code> dictates otherwise).
</Returns>
 <Description>
<P/>
 </Description>
</ManSection>


<ManSection>
  <Oper Arg="Q, f, g, h[, constructorStyle ]" Name="LoopIsotope" Label="for IsQuasigroup, IsPerm, IsPerm, IsPerm"/>
 <Returns>a loop that is an isotope of the quasigroup <Code>Q</Code> via the permutations <Code>f</Code>, <Code>g</Code>, <Code>h</Code>.  The permutations must belong to the symmetric group <Code>[1..Size(Q)]</Code>.
  The resulting loop will have the same underlying set as <Code>Q</Code> and will be index based
  iff <Code>Q</Code> is index based (unless the optional argument <Code>constructorStyle</Code> dictates otherwise).
  If the arguments <Code>Q</Code>, <Code>f</Code>, <Code>g</Code>, <Code>h</Code> do not give a rise to a loop (but merely a quasigroup)
  and if the arguments are checked, an error is generated.
</Returns>
 <Description>
<P/>
 </Description>
</ManSection>


<ManSection>
  <Oper Arg="Q, a, b" Name="PrincipalLoopIsotope" Label="for IsQuasigroup, IsQuasigroupElement, IsQuasigroupElement"/>
 <Returns>the loop isotope of a quasigroup <Arg>Q</Arg> via its elements <Arg>a</Arg>, <Arg>b</Arg>.  The resulting loop will have the same underlying set as <Arg>Q</Arg>,
  will have neutral element <Arg>b</Arg><Code>*</Code><Arg>a</Arg>, 
  and will be index based iff <Arg>Q</Arg> is index based.
</Returns>
 <Description>
<P/>
 </Description>
</ManSection>


</Section>


<Section Label="Section_Affine">
<Heading>Affine right quasigroups</Heading>

 <P/>Affine (right) quasigroups are instances of (right) quasigroup isotopes of a loop.
 <P/>Let <Math>(Q,\cdot)</Math> be a loop, let <Math>f,g</Math> be endomorphisms of <Math>(Q,\cdot)</Math> and <Math>c\in Z(Q,\cdot)</Math>. Define
 a new multiplication <Math>*</Math> on <Math>Q</Math> by <Math>x*y = f(x)g(y)c</Math> and denote the resulting magma by <Math>\mathrm{Aff}(Q,\cdot,f,g,c)</Math>.
 Then <Math>\mathrm{Aff}(Q,\cdot,f,g,c)</Math> is a right quasigroup iff <Math>f</Math> is an automorphism of <Math>(Q,\cdot)</Math>
 and it is a quasigroup iff both <Math>f</Math> and <Math>g</Math> are automorphisms of <Math>(Q,\cdot)</Math>. Any such (right) quasigroup
 is said to be <Emph>affine over the loop</Emph> <Math>(Q,\cdot)</Math><Index>affine right quasigroup</Index>
 <Index>affine quasigroup</Index> and the parameters <Math>(Q,\cdot,f,g,c)</Math> constitute its <Emph>arithmetic form</Emph>
 <Index>arithmetic form of affine (right) quasigroup</Index>.
 <P/>Several different formats of arithmetic forms are supported in &RightQuasigroups;:
 <List>
 <Item> <Code>(n,f,g,c)</Code> for four integers such that <Code>n</Code> is positive, <Code>Gcd(n,f)=1</Code> (and <Code>Gcd(n,g)=1</Code> for quasigroups).
 The multiplication is then defined on <Code>[0..n-1]</Code> by <Code>x*y = (f*x + g*y +c) mod n</Code>.</Item>
 <Item> <Code>(G,f,g,c)</Code>, where <Code>G</Code> is an additive group, <Code>f</Code> is an additive automorphisms of <Code>G</Code>,
 <Code>g</Code> is an additive endomorphisms of <Code>G</Code> and <Code>c</Code> is a central element of <Code>G</Code>
 (and <Code>g</Code> is bijective for quasigroups).
 The multiplication is then defined on <Code>G</Code> by <Code>x*y = x^f + y^g + c</Code>.</Item>
 <Item> <Code>(G,f,g,c)</Code>, where <Code>G</Code> is a loop or a group, <Code>f</Code> is an automorphisms of <Code>G</Code>,
 <Code>g</Code> is an endomorphisms of <Code>G</Code> and <Code>c</Code> is a central element of <Code>G</Code>
 (and <Code>g</Code> is bijective for quasigroups).
 The multiplication is then defined on <Code>G</Code> by <Code>x*y = x^f*y^g*c</Code>.</Item>
 </List>
<ManSection>
  <Func Arg="G, f, g, c" Name="IsAffineRightQuasigroupArithmeticForm" />
 <Returns><Code>true</Code> if the arguments constitute an arithmetic form for an affine right quasigroup,  else returns <Code>false</Code>. See above for the possible formats of arithmetic forms.
</Returns>
 <Description>
<P/>
 </Description>
</ManSection>


<ManSection>
  <Func Arg="G, f, g, c" Name="IsAffineQuasigroupArithmeticForm" />
 <Returns><Code>true</Code> if the arguments constitute an arithmetic form for an affine quasigroup,  else returns <Code>false</Code>. See above for the possible formats of arithmetic forms.
</Returns>
 <Description>
<P/>
 </Description>
</ManSection>


<ManSection>
  <Func Arg="G, f, g, c" Name="AffineRightQuasigroup" />
 <Returns>the affine right quasigroup by the arithmetic form <Arg>G</Arg>, <Arg>f</Arg>, <Arg>g</Arg>, <Arg>c</Arg>.  See above for the possible formats of arithmetic forms.
</Returns>
 <Description>
<P/>
 </Description>
</ManSection>


<ManSection>
  <Func Arg="G, f, g, c" Name="AffineQuasigroup" />
 <Returns>the affine quasigroup by the arithmetic form <Arg>G</Arg>, <Arg>f</Arg>, <Arg>g</Arg>, <Arg>c</Arg>.  See above for the possible formats of arithmetic forms.
</Returns>
 <Description>
<P/>
 </Description>
</ManSection>


</Section>


</Chapter>

