<?xml version="1.0" encoding="UTF-8"?>

<!-- This is an automatically generated file. -->
<Chapter Label="Chapter_Mappings">
<Heading>Mappings, transformations and permutations of right quasigroups</Heading>

<Section Label="Section_MappingsIntro">
<Heading>Mappings, transformations and permutations</Heading>

 <P/>Given right quasigroups <Code>Q1</Code> and <Code>Q2</Code>, a mappings from <Code>Q1</Code> to <Code>Q2</Code> might be represented in three ways:
 <List>
 <Item>as a &GAP; mapping with source <Code>Q1</Code> and range <Code>Q2</Code> (used for mappings between two distinct right quasigroups,
 for instance for homomorphisms),</Item>
 <Item>as transformations (used as numerical analogs of &GAP; mappings,
 for instance for left translations of right quasigroups),</Item>
 <Item>as permutations (used for bijective mappings when <Code>Q1 = Q2</Code>, for instance for elements of
 the right multiplication groups, automorphisms, etc.).</Item>
 </List>
 <P/>For a fixed right quasigroup <Code>Q</Code>, there are two kinds of permutations:
 <List>
 <Item><Emph>Canonical permutations</Emph><Index Subkey="canonical">permutation</Index>,
 whose indexing is based on the position of elements among elements of <Code>Q</Code>. More precisely,
 a permutation <Code>f</Code> is a canonical permutation on <Code>Q</Code> if it restricts to a permutation 
 on <Code>[1..Size(Q)]</Code>. (Note that it is not required for <Code>f</Code> to fix all points outside of <Code>[1..Size(Q)]</Code>,
 not even to fix all points outside of <Code>[1..Size(Parent(Q))]</Code>.)</Item>
 <Item><Emph>Parent permutations</Emph><Index Subkey="parent">permutation</Index>, 
 whose indexing is based on the parent indices of elements of <Code>Q</Code>. More precisely,
 a permutation <Code>f</Code> is a parent permutation of <Code>Q</Code> if it restricts to a permutation of <Code>ParentInd( Q )</Code>.
 (Note that it is not required for <Code>f</Code> to fix all points outside of <Code>ParentInd( Q )</Code>.)
 </Item>
 </List>
 Note that a permutation does not keep track of <Code>Q</Code>, of course. The right quasigroup <Code>Q</Code> must therefore
 be provided in order to interpret a given permutation as a bijection from <Code>Q</Code> to <Code>Q</Code>.
 <P/>Similarly, for fixed right quasigroups <Code>Q1</Code>, <Code>Q2</Code>, there are two kinds of transformations:
 <List>
 <Item><Emph>Canonical transformations</Emph><Index Subkey="canonical">transformtation</Index>,
 whose indexing is based on the position of elements among elements of <Code>Q1</Code> and <Code>Q2</Code>. More precisely,
 a transformation <Code>t</Code> is a canonical transformation from <Code>Q1</Code> to <Code>Q2</Code> if
 for every <Code>i</Code> in <Code>[1..Size(Q1)]</Code> we have <Code>i^t</Code> in <Code>[1..Size(Q2)]</Code>.</Item>
 <Item><Emph>Parent transformations</Emph><Index Subkey="parent">transformation</Index>, 
 whose indexing is based on the parent indices of elements of <Code>Q1</Code> and <Code>Q2</Code>. More precisely,
 a transformation <Code>t</Code> is a parent transformation from <Code>Q1</Code> to <Code>Q2</Code> if
 for every <Code>i</Code> in <Code>ParentInt( Q1 )</Code> we have <Code>i^t</Code> in <Code>ParentInd( Q2 )</Code>.</Item>
 </List>
 Note that transformations do not keep track of <Code>Q1</Code> nor <Code>Q2</Code>. The right quasigroups <Code>Q1</Code> and <Code>Q2</Code> must therefore
 be provided in order to interpret a given transformation as a mapping from <Code>Q1</Code> to <Code>Q2</Code>.
 <P/>Most permutations encountered in &RightQuasigroups; are parent permutations, such as right translations,
 right inner mappings, automorphisms, etc. However, canonical permutations
 are useful, too, for instance while working with multiplication tables.
 <P/>Any permutation can be made into a transformation by the &GAP; function <Code>AsTransformation</Code>.
 This can be used to convert canonical permutations to canonical transformations.
 <P/>Conversely, if a transformation happens to permute the points in its image,
 the corresponding permutation is returned by the &GAP; function <Code>PermutationOfImage</Code>.
 This can be used to convert bijective canonical transformations into canonical permutations.
 <P/>The default permutation action in &RightQuasigroups; treats permutations as parent permutations. That is,
 if <Code>Q</Code> is a right quasigroup and <Code>f</Code> is a permutation then <Code>(Q.i)^f</Code> returns <Code>Q.(i^f)</Code>.
</Section>


<Section Label="Chapter_Mappings_transformations_and_permutations_of_right_quasigroups_Section_Right_quasigroup_mapppings">
<Heading>Right quasigroup mapppings</Heading>

 <P/>Mappings between right quasigroups are &GAP; mappings and the standard methods for mappings therefore apply.
 The following example creates the squaring mapping on a loop <Code>Q</Code> and calculates the image of an element of <Code>Q</Code>.
<Example><![CDATA[
gap> Q := MoufangLoop( 12, 1 );;
gap> m := MappingByFunction( Q, Q, x -> x*x );
MappingByFunction( <Moufang loop 12/1>, <Moufang loop 12/1>, function( x ) ... end )
gap> [ Source( m ) = Q, Range( m ) = Q ];
[ true, true ]
gap> Q.2*Q.2 = Q.2^m;
true
]]></Example>


<ManSection Label="AutoDoc_generated_group34">
<Heading>IsRightQuasigroupMapping, IsQuasigroupMapping, IsLoopMapping</Heading>
  <Oper Arg="m" Name="IsRightQuasigroupMapping" Label="for IsMapping"/>
  <Oper Arg="m" Name="IsQuasigroupMapping" Label="for IsMapping"/>
  <Oper Arg="m" Name="IsLoopMapping" Label="for IsMapping"/>
 <Returns><Code>true</Code> if <Arg>m</Arg> is a right quasigroup (quasigroup, loop) mapping,  that is, a &GAP; mapping in which both the source and the range are right quasigroups (quasigroups, loops).
</Returns>
 <Description>
<P/>
 </Description>
</ManSection>


<ManSection>
  <Oper Arg="Q1, Q2, f[, isCanonical]" Name="AsRightQuasigroupMapping" Label="for IsRightQuasigroup, IsRightQuasigroup, IsTransformation"/>
 <Returns>In this form, returns a right quasigroup mapping with source <Arg>Q1</Arg>  and range <Arg>Q2</Arg> determined by the transformation <Arg>f</Arg>.
  If the optional argument is not given, it is checked that <Arg>f</Arg> is a parent transformation
  from <Code>Q1</Code> to <Code>Q2</Code>, and then the returned mapping <Code>m</Code> satisfies <Code>(Q1.i)^m = Q2.j</Code> iff <Code>i^f=j</Code>.
  If the optional argument is set to <Code>true</Code>, is it checked that <Arg>f</Arg> is a canonical
  transformation, and then the returned mapping <Code>m</Code> satisfies
  <Code>(Elements(Q1)[i])^m = Elements(Q2)[j]</Code> iff <Code>i^f=j</Code>.
</Returns>
 <Description>
In the form <Code>AsRightQuasigroupMapping( Q, f[, isCanonical] )</Code>,
 returns a right quasigroup mapping with source and range equal to <Arg>Q</Arg>,
 determined by the permutation <Arg>f</Arg>.
 </Description>
</ManSection>


</Section>


<Section Label="Chapter_Mappings_transformations_and_permutations_of_right_quasigroups_Section_Canonical_permutations_and_parent_permutations">
<Heading>Canonical permutations and parent permutations</Heading>

<ManSection>
  <Oper Arg="Q, f" Name="IsCanonicalPerm" Label="for IsRightQuasigroup, IsPerm"/>
 <Returns><Code>true</Code> if the permutation <Arg>f</Arg> is a canonical permutation on the right quasigroup <Arg>Q</Arg>,  (that is, if <Arg>f</Arg> restricts to a permutation of <Code>[1..Size(</Code><Arg>Q</Arg><Code>)]</Code>), else returns <Code>false</Code>.
</Returns>
 <Description>
<P/>
 </Description>
</ManSection>


<ManSection>
  <Oper Arg="Q, f" Name="IsParentPerm" Label="for IsRightQuasigroup, IsPerm"/>
 <Returns><Code>true</Code> if <Arg>f</Arg> is a parent permutation on right quasigroup <Code>Q</Code>  (that is, if <Arg>f</Arg> restricts to a permutation of <Code>ParentInd(</Code><Arg>Q</Arg><Code>)</Code>), else returns <Code>false</Code>.
</Returns>
 <Description>
<P/>
 </Description>
</ManSection>


<Example><![CDATA[
gap> Q := MoufangLoop( 12, 1 );; S := Subloop( Q, [Q.3] );;
gap> ParentInd( S );
[ 1, 3, 5 ]
gap> (Q.3)^(3,4) = Q.4;
true
gap> IsParentPerm( S, (3,4) ); # does not act on [ 1, 3, 5 ] 
false
gap> IsParentPerm( S, (3,5) ); # acts on [ 1, 3, 5 ]
true
gap> IsParentPerm( S, (3,5)(7,8) ); # action on the complement of S is ignored
true
gap> IsCanonicalPerm( S, (1,2,3) ); # acts on [1..Size(S)]
true
gap> IsCanonicalPerm( S, (1,3,5) ); # does not act on [1..Size(S)]
false
]]></Example>


<ManSection>
  <Oper Arg="arg" Name="AsCanonicalPerm" Label="for IsMapping"/>
 <Returns>the canonical permutation determined by the argument(s) <Arg>arg</Arg>.  If the argument is a bijective right quasigroup mapping <Code>m</Code> on <Code>Q</Code>,
  returns a permutation <Code>f</Code> such that <Code>i^f=j</Code> iff <Code>Elements(Q)[i]^m = Elements(Q)[j]</Code>.
  If the arguments are right quasigroup <Code>Q</Code> and its bijective parent transformation <Code>m</Code>,
  returns a permutation <Code>f</Code> such that <Code>i^f=j</Code> iff <Code>ParentInd(Q)[i]^m = ParentInd(Q)[j]</Code>.
  If the arguments are a right quasigroup <Code>Q</Code> and its parent permutation <Code>m</Code>,
  returns a permutation <Code>f</Code> such that <Code>i^f=j</Code> iff <Code>ParentInd(Q)[i]^m = ParentInd(Q)[j]</Code>.
</Returns>
 <Description>
<P/>
 </Description>
</ManSection>


<ManSection>
  <Oper Arg="arg" Name="AsParentPerm" Label="for IsMapping"/>
 <Returns>the parent permutation determined by the argument(s) <Arg>arg</Arg>.  If the argument is a bijective right quasigroup mapping <Code>m</Code> on <Code>Q</Code>, returns
  a permutation <Code>f</Code> such that <Code>i^f=j</Code> iff <Code>(Q.i)^m = Q.j</Code> (for <Code>i</Code> in <Code>ParentInd(Q)</Code>).
  If the arguments are a right quasigroup <Code>Q</Code> and its bijective canonical transformation <Code>m</Code>,
  returns a permutation <Code>f</Code> such that <Code>ParentInd(Q)[i]^f=ParentInd(Q)[j]</Code> iff <Code>i^m = j</Code>.
  If the arguments are a right quasigroup <Code>Q</Code> and its canonical permutation <Code>m</Code>,
  returns a permutation <Code>f</Code> such that <Code>ParentInd(Q)[i]^f=ParentInd(Q)[j]</Code> iff <Code>i^m = j</Code>.
</Returns>
 <Description>
See <Code>ParentInd</Code>, too.
 </Description>
</ManSection>


<Example><![CDATA[
gap> Q := MoufangLoop( 12, 1 );; S := Subloop( Q, [Q.3] );; ParentInd( S );
[ 1, 3, 5 ]
gap> m := AsRightQuasigroupMapping( S, (1,3,5) );
MappingByFunction( <Moufang loop of size 3>, <Moufang loop of size 3>, function( x ) ... end )
gap> m2 := AsRightQuasigroupMapping( S, (1,2,3), true ); # argument is a canonical permutation
MappingByFunction( <Moufang loop of size 3>, <Moufang loop of size 3>, function( x ) ... end )
gap> m = m2;
true
gap> f := AsParentPerm( m ); # ParentInd( m ) has the same effect
(1,3,5)
gap> f2 := AsCanonicalPerm( m );
(1,2,3)
gap> AsParentPerm( S, f2 );
(1,3,5)
gap> AsCanonicalPerm( S, f );
(1,2,3)
]]></Example>


</Section>


<Section Label="Chapter_Mappings_transformations_and_permutations_of_right_quasigroups_Section_Canonical_transformations_and_parent_transformations">
<Heading>Canonical transformations and parent transformations</Heading>

<ManSection>
  <Oper Arg="Q1, Q2, t" Name="IsCanonicalTransformation" Label="for IsRightQuasigroup, IsRightQuasigroup, IsTransformation"/>
 <Returns><Code>true</Code> if <Arg>t</Arg> is a canonical transformation from right quasigroup <Arg>Q1</Arg> to  right quasigroup <Arg>Q2</Arg>, that is, if <Code>i^f</Code> is in <Code>[1..Size(Q2)]</Code> for all <Code>i</Code> in <Code>[1..Size(Q1)]</Code>.
</Returns>
 <Description>
<P/>
 </Description>
</ManSection>


<ManSection>
  <Oper Arg="Q1, Q2, t" Name="IsParentTransformation" Label="for IsRightQuasigroup, IsRightQuasigroup, IsTransformation"/>
 <Returns><Code>true</Code> if <Arg>t</Arg> is a parent transformation from right quasigroup <Arg>Q1</Arg> to  right quasigroup <Arg>Q2</Arg> (that is, if <Code>i^f</Code> is in <Code>ParentInd( Q2 )</Code> for all <Code>i</Code> in <Code>ParentInd( Q1 )</Code>),
  else returns <Code>false</Code>.
</Returns>
 <Description>
<P/>
 </Description>
</ManSection>


<ManSection>
  <Oper Arg="arg" Name="AsCanonicalTransformation" Label="for IsMapping"/>
 <Returns>the canonical transformation determined by the argument(s) <Arg>arg</Arg>.  If the argument is a right quasigroup mapping <Code>m</Code> from <Code>Q1</Code> to <Code>Q2</Code>, returns
  a transformation <Code>t</Code> such that <Code>i^t=j</Code> iff <Code>Elements(Q1)[i]^m = Elements(Q2)[j]</Code>.
  If the arguments are two right quasigroups <Code>Q1</Code>, <Code>Q2</Code> and their parent transformation <Code>m</Code>,
  returns a tranformation <Code>t</Code> such that <Code>i^t=j</Code> iff <Code>ParentInd(Q1)[i]^m = ParentInd(Q2)[j]</Code>.
  If the arguments are a right quasigroup <Code>Q</Code> and its parent permutation <Code>m</Code>,
  returns a tranformation <Code>t</Code> such that <Code>i^t=j</Code> iff <Code>ParentInd(Q)[i]^m = ParentInd(Q)[j]</Code>.
</Returns>
 <Description>
<P/>
 </Description>
</ManSection>


<ManSection>
  <Oper Arg="arg" Name="AsParentTransformation" Label="for IsMapping"/>
 <Returns>the parent transformation determined by the argument(s) <Arg>arg</Arg>.  If the argument is a right quasigroup mapping <Code>m</Code> from <Code>Q1</Code> to <Code>Q2</Code>, returns
  a transformation <Code>t</Code> such that <Code>i^t=j</Code> iff <Code>(Q1.i)^m = Q2.j</Code> (for <Code>i</Code> in <Code>ParentInd(Q1)</Code>).
  If the arguments are two right quasigroups <Code>Q1</Code>, <Code>Q2</Code> and their canonical transformation <Code>m</Code>,
  returns a tranformation <Code>t</Code> such that <Code>ParentInd(Q1)[i]^t=ParentInd(Q2)[j]</Code> iff <Code>i^m = j</Code>.
  If the arguments are a right quasigroup <Code>Q</Code> and its canonical permutation <Code>m</Code>,
  returns a tranformation <Code>t</Code> such that <Code>ParentInd(Q)[i]^t=ParentInd(Q)[j]</Code> iff <Code>i^m = j</Code>.
</Returns>
 <Description>
See <Code>ParentInd</Code>, too.
 </Description>
</ManSection>


<Example><![CDATA[
gap> Q := AsLoop( SymmetricGroup( 4 ) );;
gap> S1 := Subloop( Q, [ Q[(1,2,3)] ] );;
gap> S2 := Subloop( Q, [ Q[(1,4)]*Q[(1,2,3)]*Q[(1,4)] ] );; # conjugate subloop
gap> m := MappingByFunction( S1, S2, x-> Q[(1,4)]*x*Q[(1,4)] ); # conjugation S1 -> S2
MappingByFunction( <associative loop of size 3>, <associative loop of size 3>, function( x ) ... end )
gap> ParentInd( S1 );
[ 1, 9, 13 ]
gap> ParentInd( S2 );
[ 1, 4, 5 ]
gap> t := AsParentTransformation( m ); 
Transformation( [ 1, 2, 3, 4, 5, 6, 7, 8, 4, 10, 11, 12, 5 ] )
gap> IsParentTransformation( S1, S2, t );
true
gap> AsCanonicalTransformation( m );
IdentityTransformation
gap> IsCanonicalTransformation( S1, S2, last );
true
]]></Example>


</Section>


</Chapter>

