<?xml version="1.0" encoding="UTF-8"?>
<!DOCTYPE file SYSTEM "bibxmlext.dtd">
<file>
<entry id="Artic"><phdthesis>
  <author>
    <name><first>Katharina</first><last>Artic</last></name>
  </author>  
  <title>On conjugacy closed loops and conjugacy closed loop folders</title>
  <school>RWTH Aachen University</school>
  <year>2015</year>
</phdthesis></entry>
<entry id="Ar"><article>
  <author>
    <name><first>R.</first><last>Artzy</last></name>
  </author>  
  <title>On automorphic-inverse properties in loops</title>
  <journal>Proc. Amer. Math. Soc.</journal>
  <year>1959</year>
  <volume>10</volume>
  <pages>588–591</pages>
  <issn>0002-9939</issn>
  <mrnumber>0107674 (21 #6397)</mrnumber>
  <mrclass>20.00</mrclass>
  <mrreviewer>H. Minc</mrreviewer>
  <other type="fjournal">Proceedings of the American Mathematical
      Society</other>
</article></entry>
<entry id="BaGrVo"><article>
  <author>
    <name><first>Dylene Agda Souza</first><last>De Barros</last></name>
    <name><first>Alexander</first><last>Grishkov</last></name>
    <name><first>Petr</first><last>Vojtěchovský</last></name>
  </author>  
  <title>Commutative automorphic loops of order <C><M>p^3</M></C></title>
  <journal>J. Algebra Appl.</journal>
  <year>2012</year>
  <volume>11</volume>
  <number>5</number>
  <pages>1250100, 15</pages>
  <issn>0219-4988</issn>
  <mrnumber>2983192</mrnumber>
  <mrclass>20N05 (20G40)</mrclass>
  <mrreviewer>Ágota Figula</mrreviewer>
  <url>https://dx.doi.org/10.1142/S0219498812501009</url>
  <other type="doi">10.1142/S0219498812501009</other>
  <other type="fjournal">Journal of Algebra and its Applications</other>
</article></entry>
<entry id="Br"><book>
  <author>
    <name><first>Richard Hubert</first><last>Bruck</last></name>
  </author>  
  <title>A survey of binary systems</title>
  <publisher>Springer Verlag</publisher>
  <year>1958</year>
  <series>Ergebnisse der Mathematik und ihrer Grenzgebiete. Neue Folge,
              Heft 20. Reihe: Gruppentheorie</series>
  <address>Berlin</address>
  <mrnumber>0093552 (20 #76)</mrnumber>
  <mrclass>20.00</mrclass>
  <mrreviewer>L. J. Paige</mrreviewer>
  <other type="pages">viii+185</other>
</book></entry>
<entry id="BrPa"><article>
  <author>
    <name><first>R. H.</first><last>Bruck</last></name>
    <name><first>Lowell J.</first><last>Paige</last></name>
  </author>  
  <title>Loops whose inner mappings are automorphisms</title>
  <journal>Ann. of Math. (2)</journal>
  <year>1956</year>
  <volume>63</volume>
  <pages>308–323</pages>
  <issn>0003-486X</issn>
  <mrnumber>0076779</mrnumber>
  <mrclass>20.0X</mrclass>
  <mrreviewer>R. Moufang</mrreviewer>
  <other type="fjournal">Annals of Mathematics. Second Series</other>
</article></entry>
<entry id="ChPfSm"><book>
  <editor>
    <name><first>O.</first><last>Chein</last></name>
    <name><first>H. O.</first><last>Pflugfelder</last></name>
    <name><first>J. D. H.</first><last>Smith</last></name>
  </editor>  
  <title>Quasigroups and loops: theory and applications</title>
  <publisher>Heldermann Verlag</publisher>
  <year>1990</year>
  <volume>8</volume>
  <series>Sigma Series in Pure Mathematics</series>
  <address>Berlin</address>
  <isbn>3-88538-008-0</isbn>
  <mrnumber>1125806 (93g:20133)</mrnumber>
  <mrclass>20N05 (20-06)</mrclass>
  <mrreviewer>D. A. Robinson</mrreviewer>
  <other type="pages">xii+568</other>
</book></entry>
<entry id="CoRo"><book>
  <author>
    <name><first>Charles J.</first><last>Colbourn</last></name>
    <name><first>Alexander</first><last>Rosa</last></name>
  </author>  
  <title>Triple systems</title>
  <publisher>The Clarendon Press Oxford University Press</publisher>
  <year>1999</year>
  <series>Oxford Mathematical Monographs</series>
  <address>New York</address>
  <isbn>0-19-853576-7</isbn>
  <mrnumber>1843379 (2002h:05024)</mrnumber>
  <mrclass>05B07 (05-02)</mrclass>
  <mrreviewer>Elizabeth J. Billington</mrreviewer>
  <other type="pages">xvi+560</other>
</book></entry>
<entry id="CsDr"><article>
  <author>
    <name><first>Piroska</first><last>Csörgő</last></name>
    <name><first>Aleš</first><last>Drápal</last></name>
  </author>  
  <title>Left conjugacy closed loops of nilpotency class two</title>
  <journal>Results Math.</journal>
  <year>2005</year>
  <volume>47</volume>
  <number>3-4</number>
  <pages>242–265</pages>
  <issn>1422-6383</issn>
  <mrnumber>2153496 (2006b:20095)</mrnumber>
  <mrclass>20N05</mrclass>
  <mrreviewer>Huberta Lausch</mrreviewer>
  <other type="fjournal">Results in Mathematics. Resultate der
      Mathematik</other>
</article></entry>
<entry id="DaVo"><article>
  <author>
    <name><first>Daniel</first><last>Daly</last></name>
    <name><first>Petr</first><last>Vojtěchovský</last></name>
  </author>  
  <title>Enumeration of nilpotent loops via cohomology</title>
  <journal>J. Algebra</journal>
  <year>2009</year>
  <volume>322</volume>
  <number>11</number>
  <pages>4080–4098</pages>
  <issn>0021-8693</issn>
  <mrnumber>2556139 (2011e:20098)</mrnumber>
  <mrclass>20N05 (20J99)</mrclass>
  <mrreviewer>Yu. M. Movsisyan</mrreviewer>
  <url>https://dx.doi.org/10.1016/j.jalgebra.2009.03.042</url>
  <other type="coden">JALGA4</other>
  <other type="doi">10.1016/j.jalgebra.2009.03.042</other>
  <other type="fjournal">Journal of Algebra</other>
</article></entry>
<entry id="DrapalCD"><article>
  <author>
    <name><first>Aleš</first><last>Drápal</last></name>
  </author>  
  <title>Cyclic and dihedral constructions of even order</title>
  <journal>Comment. Math. Univ. Carolin.</journal>
  <year>2003</year>
  <volume>44</volume>
  <number>4</number>
  <pages>593–614</pages>
  <issn></issn>
  <mrnumber>MR2062876 (2005d:20038)</mrnumber>
  <mrclass>20D60 (05B15)</mrclass>
  <mrreviewer>Thomas Michael Keller</mrreviewer>
  <url></url>
  <other type="coden"></other>
  <other type="doi"></other>
  <other type="fjournal">Commentationes Mathematicae Universitatis
      Carolinae</other>
</article></entry>
<entry id="DrVo"><article>
  <author>
    <name><first>Aleš</first><last>Drápal</last></name>
    <name><first>Petr</first><last>Vojtěchovský</last></name>
  </author>  
  <title>Moufang loops that share associator and three quarters of
              their multiplication tables</title>
  <journal>Rocky Mountain J. Math.</journal>
  <year>2006</year>
  <volume>36</volume>
  <number>2</number>
  <pages>425–455</pages>
  <issn>0035-7596</issn>
  <mrnumber>2234814 (2007d:20114)</mrnumber>
  <mrclass>20N05 (05B15)</mrclass>
  <mrreviewer>Orin Chein</mrreviewer>
  <url>https://dx.doi.org/10.1216/rmjm/1181069461</url>
  <other type="coden">RMJMAE</other>
  <other type="doi">10.1216/rmjm/1181069461</other>
  <other type="fjournal">The Rocky Mountain Journal of Mathematics</other>
</article></entry>
<entry id="Fe"><article>
  <author>
    <name><first>Ferenc</first><last>Fenyves</last></name>
  </author>  
  <title>Extra loops. <C>II</C>. <C>O</C>n loops with identities of
              <C>B</C>ol-<C>M</C>oufang type</title>
  <journal>Publ. Math. Debrecen</journal>
  <year>1969</year>
  <volume>16</volume>
  <pages>187–192</pages>
  <issn>0033-3883</issn>
  <mrnumber>0262409 (41 #7017)</mrnumber>
  <mrclass>20.95</mrclass>
  <mrreviewer>D. A. Robinson</mrreviewer>
  <other type="fjournal">Publicationes Mathematicae Debrecen</other>
</article></entry>
<entry id="Go"><book>
  <author>
    <name><first>Edgar G.</first><last>Goodaire</last></name>
    <name><first>Sean</first><last>May</last></name>
    <name><first>Maitreyi</first><last>Raman</last></name>
  </author>  
  <title>The <C>M</C>oufang loops of order less than 64</title>
  <publisher>Nova Science Publishers Inc.</publisher>
  <year>1999</year>
  <address>Commack, NY</address>
  <isbn>1-56072-659-8</isbn>
  <mrnumber>1689624 (2000a:20147)</mrnumber>
  <mrclass>20N05</mrclass>
  <other type="pages">xviii+287</other>
</book></entry>
<entry id="Greer"><article>
  <author>
    <name><first>Mark</first><last>Greer</last></name>
  </author>  
  <title>A class of loops categorically isomorphic to Bruck loops of odd order</title>
  <journal>Comm. Algebra</journal>
  <year>2014</year>
  <volume>42</volume>
  <number>8</number>
  <pages>3682-3697</pages>
  <issn>0092-7872</issn>
  <mrnumber>3196069</mrnumber>
  <mrclass>20N05</mrclass>
  <mrreviewer>Anil Kumar V.</mrreviewer>
  <url>https://doi.org/10.1080/00927872.2013.791304</url>
  <other type="doi">10.1080/00927872.2013.791304</other>
  <other type="fjournal">Communications in Algebra</other>
</article></entry>
<entry id="GrKiNa"><article>
  <author>
    <name><first>Alexander</first><last>Grishkov</last></name>
    <name><first>Michael</first><last>Kinyon</last></name>
    <name><first>Gábor P.</first><last>Nagy</last></name>
  </author>  
  <title>Solvability of commutative automorphic loops</title>
  <journal>Proc. Amer. Math. Soc.</journal>
  <year>2014</year>
  <volume>142</volume>
  <number>9</number>
  <pages>3029–3037</pages>
  <issn>0002-9939</issn>
  <mrnumber>3223359</mrnumber>
  <mrclass>20N05 (17B99)</mrclass>
  <mrreviewer>J. D. Phillips</mrreviewer>
  <url>https://dx.doi.org/10.1090/S0002-9939-2014-12053-3</url>
  <other type="doi">10.1090/S0002-9939-2014-12053-3</other>
  <other type="fjournal">Proceedings of the American Mathematical
      Society</other>
</article></entry>
<entry id="JaMa"><article>
  <author>
    <name><first>Mark T.</first><last>Jacobson</last></name>
    <name><first>Peter</first><last>Matthews</last></name>
  </author>  
  <title>Generating uniformly distributed random <C>L</C>atin squares</title>
  <journal>J. Combin. Des.</journal>
  <year>1996</year>
  <volume>4</volume>
  <number>6</number>
  <pages>405–437</pages>
  <issn>1063-8539</issn>
  <mrnumber>1410617 (98b:05021)</mrnumber>
  <mrclass>05B15 (60J10)</mrclass>
  <mrreviewer>Lars Døvling Andersen</mrreviewer>
  <url>https://dx.doi.org/10.1002/(SICI)1520-6610(1996)4:6&lt;405::AID-JCD3>3.0.CO;2-J</url>
  <other
      type="doi">10.1002/(SICI)1520-6610(1996)4:6&lt;405::AID-JCD3>3.0.CO;2-J</other>
  <other type="fjournal">Journal of Combinatorial Designs</other>
</article></entry>
<entry id="JeKiVo"><article>
  <author>
    <name><first>P{\v{r}}emysl</first><last>Jedlička</last></name>
    <name><first>Michael</first><last>Kinyon</last></name>
    <name><first>Petr</first><last>Vojtěchovský</last></name>
  </author>  
  <title>Nilpotency in automorphic loops of prime power order</title>
  <journal>J. Algebra</journal>
  <year>2012</year>
  <volume>350</volume>
  <pages>64–76</pages>
  <issn>0021-8693</issn>
  <mrnumber>2859875</mrnumber>
  <mrclass>20N05</mrclass>
  <mrreviewer>Mohammad Shahryari</mrreviewer>
  <url>https://dx.doi.org/10.1016/j.jalgebra.2011.09.034</url>
  <other type="coden">JALGA4</other>
  <other type="doi">10.1016/j.jalgebra.2011.09.034</other>
  <other type="fjournal">Journal of Algebra</other>
</article></entry>
<entry id="JoKiNaVo"><article>
  <author>
    <name><first>Kenneth W.</first><last>Johnson</last></name>
    <name><first>Michael K.</first><last>Kinyon</last></name>
    <name><first>Gábor P.</first><last>Nagy</last></name>
    <name><first>Petr</first><last>Vojtěchovský</last></name>
  </author>  
  <title>Searching for small simple automorphic loops</title>
  <journal>LMS J. Comput. Math.</journal>
  <year>2011</year>
  <volume>14</volume>
  <pages>200–213</pages>
  <issn>1461-1570</issn>
  <mrnumber>2831230</mrnumber>
  <mrclass>20N05 (20B15 20B40)</mrclass>
  <mrreviewer>Tuval S. Foguel</mrreviewer>
  <url>https://dx.doi.org/10.1112/S1461157010000173</url>
  <other type="doi">10.1112/S1461157010000173</other>
  <other type="fjournal">LMS Journal of Computation and Mathematics</other>
</article></entry>
<entry id="KiKuPh"><article>
  <author>
    <name><first>Michael K.</first><last>Kinyon</last></name>
    <name><first>Kenneth</first><last>Kunen</last></name>
    <name><first>J. D.</first><last>Phillips</last></name>
  </author>  
  <title>Every diassociative <C><M>A</M></C>-loop is <C>M</C>oufang</title>
  <journal>Proc. Amer. Math. Soc.</journal>
  <year>2002</year>
  <volume>130</volume>
  <number>3</number>
  <pages>619–624</pages>
  <issn>0002-9939</issn>
  <mrnumber>1866009 (2002k:20124)</mrnumber>
  <mrclass>20N05 (68T15)</mrclass>
  <mrreviewer>Orin Chein</mrreviewer>
  <url>https://dx.doi.org/10.1090/S0002-9939-01-06090-7</url>
  <other type="coden">PAMYAR</other>
  <other type="doi">10.1090/S0002-9939-01-06090-7</other>
  <other type="fjournal">Proceedings of the American Mathematical
      Society</other>
</article></entry>
<entry id="KiKuPhVo"><article>
  <author>
    <name><first>Michael K.</first><last>Kinyon</last></name>
    <name><first>Kenneth</first><last>Kunen</last></name>
    <name><first>J. D.</first><last>Phillips</last></name>
    <name><first>Petr</first><last>Vojtěchovský</last></name>
  </author>  
  <title>The structure of automorphic loops</title>
  <journal>Trans. Amer. Math. Soc.</journal>
  <year>2016</year>
  <volume>368</volume>
  <number>12</number>
  <pages>8901–8927</pages>
  <issn>0002-9947</issn>
  <mrnumber>3551593</mrnumber>
  <mrclass>20N05</mrclass>
  <url>https://dx.doi.org/10.1090/tran/6622</url>
  <other type="coden">TAMTAM</other>
  <other type="doi">10.1090/tran/6622</other>
  <other type="fjournal">Transactions of the American Mathematical
      Society</other>
</article></entry>
<entry id="KiNaVo2015"><article>
  <author>
    <name><first>Michael K.</first><last>Kinyon</last></name>
    <name><first>Gábor P.</first><last>Nagy</last></name>
    <name><first>Petr</first><last>Vojtěchovský</last></name>
  </author>  
  <title>Bol loops and Bruck loops of order <M>pq</M></title>
  <journal></journal>
  <year>2015</year>
  <note>preprint</note>
</article></entry>
<entry id="Kun"><article>
  <author>
    <name><first>Kenneth</first><last>Kunen</last></name>
  </author>  
  <title>The structure of conjugacy closed loops</title>
  <journal>Trans. Amer. Math. Soc.</journal>
  <year>2000</year>
  <volume>352</volume>
  <number>6</number>
  <pages>2889–2911</pages>
  <issn>0002-9947</issn>
  <mrnumber>1615991 (2000j:20132)</mrnumber>
  <mrclass>20N05 (03C05)</mrclass>
  <mrreviewer>Edgar G. Goodaire</mrreviewer>
  <url>https://dx.doi.org/10.1090/S0002-9947-00-02350-3</url>
  <other type="coden">TAMTAM</other>
  <other type="doi">10.1090/S0002-9947-00-02350-3</other>
  <other type="fjournal">Transactions of the American Mathematical
      Society</other>
</article></entry>
<entry id="Li"><article>
  <author>
    <name><first>Martin W.</first><last>Liebeck</last></name>
  </author>  
  <title>The classification of finite simple <C>M</C>oufang loops</title>
  <journal>Math. Proc. Cambridge Philos. Soc.</journal>
  <year>1987</year>
  <volume>102</volume>
  <number>1</number>
  <pages>33–47</pages>
  <issn>0305-0041</issn>
  <mrnumber>886433 (88g:20146)</mrnumber>
  <mrclass>20N05</mrclass>
  <mrreviewer>Karl H. Robinson</mrreviewer>
  <url>https://dx.doi.org/10.1017/S0305004100067025</url>
  <other type="coden">MPCPCO</other>
  <other type="doi">10.1017/S0305004100067025</other>
  <other type="fjournal">Mathematical Proceedings of the Cambridge
      Philosophical
              Society</other>
</article></entry>
<entry id="Mo"><unpublished>
  <author>
    <name><first>G. Eric</first><last>Moorhouse</last></name>
  </author>  
  <title>Bol loops of small order</title>
  <note>https://www.uwyo.edu/moorhouse/pub/bol/</note>
</unpublished></entry>
<entry id="Na"><article>
  <author>
    <name><first>Gábor P.</first><last>Nagy</last></name>
  </author>  
  <title>A class of simple proper <C>B</C>ol loops</title>
  <journal>Manuscripta Math.</journal>
  <year>2008</year>
  <volume>127</volume>
  <number>1</number>
  <pages>81–88</pages>
  <issn>0025-2611</issn>
  <mrnumber>2429915 (2009g:20149)</mrnumber>
  <mrclass>20N05</mrclass>
  <mrreviewer>Ramiro Carrillo-Catalán</mrreviewer>
  <url>https://dx.doi.org/10.1007/s00229-008-0188-5</url>
  <other type="coden">MSMHB2</other>
  <other type="doi">10.1007/s00229-008-0188-5</other>
  <other type="fjournal">Manuscripta Mathematica</other>
</article></entry>
<entry id="NaVo2003"><article>
  <author>
    <name><first>Gábor P.</first><last>Nagy</last></name>
    <name><first>Petr</first><last>Vojtěchovský</last></name>
  </author>  
  <title>Octonions, simple <C>M</C>oufang loops and triality</title>
  <journal>Quasigroups Related Systems</journal>
  <year>2003</year>
  <volume>10</volume>
  <pages>65–94</pages>
  <issn>1561-2848</issn>
  <mrnumber>1998692 (2004f:20118)</mrnumber>
  <mrclass>20N05 (17A75)</mrclass>
  <mrreviewer>Orin Chein</mrreviewer>
  <other type="fjournal">Quasigroups and Related Systems</other>
</article></entry>
<entry id="NaVo2007"><article>
  <author>
    <name><first>Gábor P.</first><last>Nagy</last></name>
    <name><first>Petr</first><last>Vojtěchovský</last></name>
  </author>  
  <title>The <C>M</C>oufang loops of order 64 and 81</title>
  <journal>J. Symbolic Comput.</journal>
  <year>2007</year>
  <volume>42</volume>
  <number>9</number>
  <pages>871–883</pages>
  <issn>0747-7171</issn>
  <mrnumber>2355056 (2009d:20155)</mrnumber>
  <mrclass>20N05 (20D15)</mrclass>
  <mrreviewer>Chris A. Rowley</mrreviewer>
  <url>https://dx.doi.org/10.1016/j.jsc.2007.06.004</url>
  <other type="doi">10.1016/j.jsc.2007.06.004</other>
  <other type="fjournal">Journal of Symbolic Computation</other>
</article></entry>
<entry id="Pf"><book>
  <author>
    <name><first>Hala O.</first><last>Pflugfelder</last></name>
  </author>  
  <title>Quasigroups and loops: introduction</title>
  <publisher>Heldermann Verlag</publisher>
  <year>1990</year>
  <volume>7</volume>
  <series>Sigma Series in Pure Mathematics</series>
  <address>Berlin</address>
  <isbn>3-88538-007-2</isbn>
  <mrnumber>1125767 (93g:20132)</mrnumber>
  <mrclass>20N05 (20-01)</mrclass>
  <mrreviewer>D. A. Robinson</mrreviewer>
  <other type="pages">viii+147</other>
</book></entry>
<entry id="PhiVoj"><article>
  <author>
    <name><first>J. D.</first><last>Phillips</last></name>
    <name><first>Petr</first><last>Vojtěchovský</last></name>
  </author>  
  <title>The varieties of loops of <C>B</C>ol-<C>M</C>oufang type</title>
  <journal>Algebra Universalis</journal>
  <year>2005</year>
  <volume>54</volume>
  <number>3</number>
  <pages>259–271</pages>
  <issn>0002-5240</issn>
  <mrnumber>2219409 (2007b:20147)</mrnumber>
  <mrclass>20N05</mrclass>
  <mrreviewer>A. Schleiermacher</mrreviewer>
  <url>https://dx.doi.org/10.1007/s00012-005-1941-1</url>
  <other type="coden">AGUVA3</other>
  <other type="doi">10.1007/s00012-005-1941-1</other>
  <other type="fjournal">Algebra Universalis</other>
</article></entry>
<entry id="SlZe2011"><article>
  <author>
    <name><first>M.</first><last>Slattery</last></name>
    <name><first>A.</first><last>Zenisek</last></name>
  </author>  
  <title>Moufang loops of order 243</title>
  <journal>Commentationes Mathematicae Universitatis Carolinae</journal>
  <year>2012</year>
  <volume>53</volume>
  <number>3</number>
  <pages>423–428</pages>
</article></entry>
<entry id="StuhlVojtechovsky"><article>
  <author>
    <name><first>Izabella</first><last>Stuhl</last></name>
    <name><first>Petr</first><last>Vojtěchovský</last></name>
  </author>  
  <title>Involutory latin quandles, Bruck loops and commutative automorphic loops of odd prime power order</title>
  <journal></journal>
  <year>2017</year>
  <note>preprint</note>
</article></entry>
<entry id="Vo"><article>
  <author>
    <name><first>Petr</first><last>Vojtěchovský</last></name>
  </author>  
  <title>Toward the classification of <C>M</C>oufang loops of order 64</title>
  <journal>European J. Combin.</journal>
  <year>2006</year>
  <volume>27</volume>
  <number>3</number>
  <pages>444–460</pages>
  <issn>0195-6698</issn>
  <mrnumber>2206479 (2006k:20136)</mrnumber>
  <mrclass>20N05</mrclass>
  <mrreviewer>Orin Chein</mrreviewer>
  <url>https://dx.doi.org/10.1016/j.ejc.2004.10.003</url>
  <other type="doi">10.1016/j.ejc.2004.10.003</other>
  <other type="fjournal">European Journal of Combinatorics</other>
</article></entry>
<entry id="VoQRS"><article>
  <author>
    <name><first>Petr</first><last>Vojtěchovský</last></name>
  </author>  
  <title>Three lectures on automorphic loops</title>
  <journal>Quasigroups Related Systems</journal>
  <year>2015</year>
  <volume>23</volume>
  <number>1</number>
  <pages>129–163</pages>
  <issn>1561-2848</issn>
  <mrnumber>3353114</mrnumber>
  <mrclass>20N05</mrclass>
  <mrreviewer>Ágota Figula</mrreviewer>
  <other type="fjournal">Quasigroups and Related Systems</other>
</article></entry>
<entry id="Wi"><article>
  <author>
    <name><first>Robert L.</first><last>Wilson Jr. </last></name>
  </author>  
  <title>Quasidirect products of quasigroups</title>
  <journal>Comm. Algebra</journal>
  <year>1975</year>
  <volume>3</volume>
  <number>9</number>
  <pages>835–850</pages>
  <issn>0092-7872</issn>
  <mrnumber>0376937 (51 #13112)</mrnumber>
  <mrclass>20N05</mrclass>
  <mrreviewer>D. A. Robinson</mrreviewer>
  <other type="fjournal">Communications in Algebra</other>
</article></entry>
</file>
