<?xml version="1.0" encoding="UTF-8"?>

<!-- This is an automatically generated file. -->
<TitlePage>
  <Title>
    RightQuasigroups
  </Title>
  <Subtitle>
    Computing with one-sided quasigroups in &GAP;.
  </Subtitle>
  <Version>
    0.84
  </Version>
  <Author>
    Gábor P. Nagy<Alt Only="LaTeX"><Br/></Alt>
<Address>
Department of Algebra, Budapest University of Technology<Br/>
Egry József utca 1<Br/>
H-1111 Budapest (Hungary)<Br/>
</Address>
<Email>nagyg@math.bme.hu</Email>
<Homepage>https://algebra.math.bme.hu/nagy-gabor</Homepage>

  </Author>
  <Author>
    Petr Vojtěchovský<Alt Only="LaTeX"><Br/></Alt>
<Address>
Department of Mathematics, University of Denver<Br/>
2390 S York St<Br/>
Denver, CO 80208<Br/>
USA<Br/>
</Address>
<Email>petr@math.du.edu</Email>
<Homepage>http://www.math.du.edu/~petr/</Homepage>

  </Author>
  <Date>
    17 August 2021
  </Date>
  </TitlePage>