<?xml version="1.0" encoding="UTF-8"?>

<!-- This is an automatically generated file. -->
<Chapter Label="Chapter_Topisms">
<Heading>Homotopisms, isotopisms and autotopisms</Heading>

<Section Label="Chapter_Homotopisms_isotopisms_and_autotopisms_Section_Homotopisms_of_right_quasigroups">
<Heading>Homotopisms of right quasigroups</Heading>

 <P/>Blah blah.
</Section>


<Section Label="Chapter_Homotopisms_isotopisms_and_autotopisms_Section_Isotopisms_of_right_quasigroups">
<Heading>Isotopisms of right quasigroups</Heading>

<ManSection Label="AutoDoc_generated_group82">
<Heading>IsotopismRightQuasigroups, IsotopismQuasigroups, IsotopismLoops</Heading>
  <Oper Arg="Q1, Q2" Name="IsotopismRightQuasigroups" Label="for IsRightQuasigroup, IsRightQuasigroup"/>
  <Oper Arg="Q1, Q2" Name="IsotopismQuasigroups" Label="for IsQuasigroup, IsQuasigroup"/>
  <Oper Arg="Q1, Q2" Name="IsotopismLoops" Label="for IsLoop, IsLoop"/>
 <Returns>an isotopism from the right quasigroup (quasigroup, loop) <Code>Q1</Code> onto  the right quasigroup (quasigroup, loop) <Code>Q2</Code>, if it exists, else returns <Code>fail</Code>.
  The isotopism is returned as a triple of permutations on <Math>[1..n]</Math>, where <Math>n</Math>
  is the size of <Code>Q1</Code> (and hence also the size of <Code>Q2</Code>).
</Returns>
 <Description>
NOTE: THERE IS NO METHOD FOR RIGHT QUASIGROUPS AND QUASIGROUPS YET.
<P/>
 </Description>
</ManSection>


<Example><![CDATA[
gap> t := [ [1,2,3,4,5,6], [2,1,6,5,3,4], [3,4,5,2,6,1], [4,6,1,3,2,5], [5,3,4,6,1,2], [6,5,2,1,4,3] ];;
gap> Q1 := LoopByCayleyTable( t );;
gap> RightQuasigroupIsotope( Q1, (1,2), (), (3,4) );
<right quasigroup of size 6>
gap> QuasigroupIsotope( Q1, (1,2), (), (3,4) ); # LoopIsotope with arguments checked will return an error 
<quasigroup or size 6>
gap> Q2 := LoopIsomorph( Q1, (3,4) );;
gap> Q3 := PrincipalLoopIsotope( Q2, Q2.5, Q2.6 );; # a loop isotopic to Q1
gap> IsomorphismLoops( Q1, Q2 );
(3,4)
gap> IsomorphismLoops( Q1, Q3 );
fail
gap> IsotopismLoops( Q1, Q3 );
[ (2,4,6,3), (1,3,4)(2,5,6), (2,4,6,3) ]
]]></Example>


<ManSection Label="AutoDoc_generated_group83">
<Heading>Right quasigroups up to isotopism</Heading>
  <Oper Arg="ls" Name="RightQuasigroupsUpToIsotopism" Label="for IsList"/>
  <Oper Arg="ls" Name="QuasigroupsUpToIsotopism" Label="for IsList"/>
  <Oper Arg="ls" Name="LoopsUpToIsotopism" Label="for IsList"/>
 <Returns>a sublist of <Code>ls</Code> consisting of all right quasigroups (quasigroups, loops) in <Code>ls</Code> up to isotopism.
</Returns>
 <Description>
NOTE: THERE IS NO METHOD FOR RIGHT QUASIGROUPS AND QUASIGROUPS YET.
<P/>
 </Description>
</ManSection>


</Section>


<Section Label="Section_TwistArguments">
<Heading>Twists of right quasigroups: Definition and arguments</Heading>

 <P/>In this section we introduce a natural construction that encompasses isomorphs, isotopes and affine 
 constructions as special cases.
 <P/>Given a magma <Math>Q</Math> and three mappings <Math>f,g,h:Q\to Q</Math>, the <Emph>twist</Emph><Index>twist</Index>
 <Math>\mathrm{Tw}(Q,f,g,h)</Math> of <Math>Q</Math> via <Math>(f,g,h)</Math> is defined to be the magma <Math>(Q,*)</Math> with multiplication
 <Math>x*y = h(f(x)g(y))</Math>.
 <P/>If <Math>Q</Math> is a right quasigroup, the twist <Math>\mathrm{Tw}(Q,f,g,h)</Math> is a right quasigroup iff both <Math>f</Math> and <Math>h</Math>
 are bijections of <Math>Q</Math>. Moreover, the twist <Math>\mathrm{Tw}(Q,f,g,h)</Math> is a quasigroup iff all three <Math>f</Math>, <Math>g</Math> and <Math>h</Math>
 are bijections of <Math>Q</Math>. Finally, if <Math>\mathrm{Tw}(Q,f,g,h)</Math> is a quasigroup then it is a loop iff
 <Math>g^{-1}(f(x)\backslash h^{-1}(x))</Math> is equal to <Math>f^{-1}(h^{-1}(x)/g(x))</Math> and independent of <Math>x</Math>.
 <P/>Functions that produce twists of right quasigroups are implemented to be user friendly
 in &RightQuasigroups;, accepting a wide variety of arguments for the mappings. Similar conventions
 hold for isotopes.
 <P/>The functions are named according to the type of algebra they return, not
 according to the type of algebra they require as input. For instance, <Code>LoopTwist</Code> returns a loop
 but it accepts a quasigroup (or loop).
 <P/>There are four mandatory arguments <Arg>Q</Arg>, <Arg>f</Arg>, <Arg>g</Arg>, <Arg>h</Arg>
 and two optional arguments <Arg>isCanonical</Arg> and <Arg>constructorStyle</Arg>. Any subset of the
 optional arguments can be given.
 <P/>The argument <Arg>Q</Arg> must be a right quasigroup or quasigroup. The returned 
 algebra will have the same underlying set as <Arg>Q</Arg>.
 <P/>Each of the arguments <Arg>f</Arg>, <Arg>g</Arg>, <Arg>h</Arg> can be given as a right quasigroup mapping
 from <Arg>Q</Arg> to <Arg>Q</Arg> or as a canonical or parent permutation of <Arg>Q</Arg> or 
 as a canonical or parent transformation of <Arg>Q</Arg>. (See Chapter <Ref Chap="Chapter_Mappings"/>.)
 The arguments <Arg>f</Arg> and <Arg>h</Arg> must always give rise to bijections. If a quasigroup is supposed
 to be returned, then also <Arg>g</Arg> must give rise to a bijection.
 Finally, if a loop is supposed to be returned then
 <Math>g^{-1}(f(x)\backslash h^{-1}(x))</Math> must be equal to <Math>f^{-1}(h^{-1}(x)/g(x))</Math> and independent of <Math>x</Math>.
 <P/>If the optional argument <Arg>isCanonical</Arg> is given and set to <Code>true</Code>, all permutations and
 transformations from among <Arg>f</Arg>, <Arg>g</Arg>, <Arg>h</Arg> are interpreted as canonical permutations,
 otherwise they are by default interpreted as parent permutations. 
 <P/>See Section <Ref Sect="Section_OptionalArguments"/> for the optional argument <Arg>constructorStyle</Arg>.
</Section>


<Section Label="Chapter_Homotopisms_isotopisms_and_autotopisms_Section_Twists_of_right_quasigroups">
<Heading>Twists of right quasigroups</Heading>

<ManSection>
  <Func Arg="Q, f, g, h[, isCanonical, constructorStyle]" Name="RightQuasigroupTwist" />
 <Returns>the twist of the right quasigroup <Arg>Q</Arg> via <Arg>f</Arg>, <Arg>g</Arg>, <Arg>h</Arg>,  that is, the right quasigroup on the underlying set of <Arg>Q</Arg> with multiplication <Math>x*y = h(f(x)g(y))</Math>.
  See Section <Ref Sect="Section_TwistArguments"/> for conventions on the arguments. 
</Returns>
 <Description>
<P/>
 </Description>
</ManSection>


<ManSection>
  <Func Arg="Q, f, g, h[, isCanonical, constructorStyle]" Name="QuasigroupTwist" />
 <Returns>the twist of the quasigroup <Arg>Q</Arg> via <Arg>f</Arg>, <Arg>g</Arg>, <Arg>h</Arg>,  that is, the quasigroup on the underlying set of <Arg>Q</Arg> with multiplication <Math>x*y = h(f(x)g(y))</Math>.
  See Section <Ref Sect="Section_TwistArguments"/> for conventions on the arguments.
</Returns>
 <Description>
<P/>
 </Description>
</ManSection>


<ManSection>
  <Func Arg="Q, f, g, h[, isCanonical, constructorStyle]" Name="LoopTwist" />
 <Returns>the twist of the quasigroup <Arg>Q</Arg> via <Arg>f</Arg>, <Arg>g</Arg>, <Arg>h</Arg>,  that is, the loop on the underlying set of <Arg>Q</Arg> with multiplication <Math>x*y = h(f(x)g(y))</Math>.
  See Section <Ref Sect="Section_TwistArguments"/> for conventions on the arguments..
</Returns>
 <Description>
<P/>
 </Description>
</ManSection>


<Example><![CDATA[
gap> Q := MoufangLoop( 12, 1 );;
gap> f := (1,2,3);; g := Transformation( [3,3,3] );; h := MappingByFunction( Q, Q, x->x^-1 );; # mappings in various formats accepted
gap> T := RightQuasigroupTwist( Q, f, g, h ); # f and h must be bijective
<right quasigroup of size 12>
gap> QuasigroupTwist( Q, f, (1,12), h ); # g must be bijective for quasigroups
<quasigroup of size 12>
gap> f := RightTranslation( Q, Q.2 )^-1;; g := LeftTranslation( Q, Q.3 )^-1;;
gap> LoopTwist( Q, f, g, (), ConstructorStyle( true, true ) ); # principal loop isotope
<loop of size 12>
]]></Example>


</Section>


<Section Label="Chapter_Homotopisms_isotopisms_and_autotopisms_Section_Isotopes_of_right_quasigroups">
<Heading>Isotopes of right quasigroups</Heading>

 <P/>A triple of mappings <Math>f,g,h:(Q_1,\cdot)\to (Q_2,*)</Math> between (right) quasigroups is a <Emph>homotopism</Emph>
 <Index Subkey="of right quasigroups">homotopism</Index> if <Math>f(x)*g(y) = h(x\cdot y)</Math>
 for every <Math>x,y\in Q_1</Math>. If <Math>f</Math>, <Math>g</Math>, <Math>h</Math> are also bijections, the triple is
 an <Emph>isotopism</Emph><Index Subkey="of right quasigroups">isotopism</Index>.
 <P/>If <Math>f,g,h:(Q_1,\cdot)\to (Q_2,*)</Math> is an isotopism, then <Math>x*y = h(f^{-1}(x)\cdot g^{-1}(y))</Math> for
 all <Math>x,y\in Q</Math>, and <Math>(Q_2,*)</Math> is called an <Emph>isotope</Emph><Index>isotope</Index> of <Math>(Q_1,\cdot)</Math> via <Math>f</Math>, <Math>g</Math>, <Math>h</Math>.
 (Note that isotopes are special cases of twists, as introduced in Section <Ref Sect="Section_TwistArguments"/>.)
 The isotope <Math>(Q,\circ)</Math> is a (right) quasigroup iff <Math>(Q,\cdot)</Math> is a (right) quasigroup, but an isotope
 of a loop might not be a loop. 
 <P/>Given a quasigroup <Math>(Q,\cdot,/,\backslash)</Math> and <Math>a,b\in Q</Math>, the <Index>principal loop isotope</Index>
 <Emph>principal loop isotope</Emph> via <Math>a,b</Math> is defined as <Math>(Q,\circ)</Math>, where <Math>x\circ y = (x/a)\cdot(b\backslash y)</Math>.
 The principal loop isotope is automatically a loop with neutral element <Math>b\cdot a</Math>.
<ManSection>
  <Func Arg="Q, f, g, h[, isCanonical, constructorStyle ]" Name="RightQuasigroupIsotope" />
 <Returns>the isotope of the right quasigroup <Arg>Q</Arg> via isotopism <Arg>f</Arg>, <Arg>g</Arg>, <Arg>h</Arg>,  that is, the right quasigroup on the underlying set of <Arg>Q</Arg> with multiplication <Math>x*y = h(f^{-1}(x)g^{-1}(y))</Math>.
  See Section <Ref Sect="Section_TwistArguments"/> for conventions on the arguments. 
</Returns>
 <Description>
Note that the function <Code>IsotopicCopyByPerms</Code> (in analogy to <Code>IsotopicCopyByPerm</Code>)
 is not provided since the category of the resulting algebra is not necessarily preserved.
 </Description>
</ManSection>


<ManSection>
  <Func Arg="Q, f, g, h[, isCanonical, constructorStyle ]" Name="QuasigroupIsotope" />
 <Returns>the isotope of the quasigroup <Arg>Q</Arg> via isotopism <Arg>f</Arg>, <Arg>g</Arg>, <Arg>h</Arg>,  that is, the quasigroup on the underlying set of <Arg>Q</Arg> with multiplication <Math>x*y = h(f^{-1}(x)g^{-1}(y))</Math>.
  See Section <Ref Sect="Section_TwistArguments"/> for conventions on the arguments. 
</Returns>
 <Description>
<P/>
 </Description>
</ManSection>


<ManSection>
  <Func Arg="Q, f, g, h[, isCanonical, constructorStyle ]" Name="LoopIsotope" />
 <Returns>the loop isotope of the quasigroup <Arg>Q</Arg> via isotopism <Arg>f</Arg>, <Arg>g</Arg>, <Arg>h</Arg>,  that is, the loop on the underlying set of <Arg>Q</Arg> with multiplication <Math>x*y = h(f^{-1}(x)g^{-1}(y))</Math>.
  See Section <Ref Sect="Section_TwistArguments"/> for conventions on the arguments. 
</Returns>
 <Description>
<P/>
 </Description>
</ManSection>


<Example><![CDATA[
gap> style := ConstructorStyle( false, false );;
gap> P := QuasigroupByFunction( [0..99999], function(x,y) return (x-y) mod 10^5; end, style );
<quasigroup of size 100000>
gap> f := (1,10,100,1000,10000,100000);; g := (3,4);; h := ();;
gap> R := QuasigroupIsotope( P, f, g, h, style );
<quasigroup of size 100000>
gap> R.1000*R.4;
q97
]]></Example>


<ManSection>
  <Oper Arg="Q, a, b" Name="PrincipalLoopIsotope" Label="for IsQuasigroup, IsQuasigroupElement, IsQuasigroupElement"/>
 <Returns>the loop isotope of the quasigroup <Arg>Q</Arg> via its elements <Arg>a</Arg>, <Arg>b</Arg>.  The resulting loop has the same underlying set as <Arg>Q</Arg> and
  its neutral element corresponds to <Arg>b</Arg><Code>*</Code><Arg>a</Arg>. 
</Returns>
 <Description>
<P/>
 </Description>
</ManSection>


<Example><![CDATA[
gap> Q := QuasigroupByFunction( GF(11), \- );;
gap> P := PrincipalLoopIsotope( Q, Q.3, Q.4 );
<loop of size 11>
gap> UnderlyingSetElm( Q.4*Q.3 ) = UnderlyingSetElm( One( P ) );
true
]]></Example>


</Section>


<Section Label="Section_Affine">
<Heading>Affine right quasigroups</Heading>

 <P/>Let <Math>Q</Math> be a loop, let <Math>f,g</Math> be endomorphisms of <Math>Q</Math> and <Math>u,v\in Q</Math>. Define
 a new multiplication <Math>*</Math> on <Math>Q</Math> by <Math>x*y = (f(x)u)(g(y)v)</Math> and denote the resulting magma by <Math>\mathrm{Aff}(Q,f,u,g,v)</Math>.
 Then <Math>\mathrm{Aff}(Q,f,u,g,v)</Math> is a right quasigroup iff <Math>f</Math> is an automorphism of <Math>Q</Math>
 and it is a quasigroup iff both <Math>f</Math> and <Math>g</Math> are automorphisms of <Math>Q</Math>.
 Analogous comments hold for <Math>\mathrm{Aff}(Q,f,u,v,g)</Math>, <Math>\mathrm{Aff}(Q,u,f,g,v)</Math> and <Math>\mathrm{Aff}(Q,u,f,v,g)</Math>,
 where the multiplication formula is obtained according to the order of the arguments. For instance, 
 in <Math>\mathrm{Aff}(Q,u,f,g,v)</Math> the multiplication is given by <Math>x*y = (uf(x))(g(y)v)</Math>.
 <P/>Any such (right) quasigroup is said to be <Emph>affine over the loop</Emph> <Math>Q</Math><Index>affine right quasigroup</Index>
 <Index>affine quasigroup</Index> and the parameters constitute its <Emph>arithmetic form</Emph>
 <Index>arithmetic form of affine (right) quasigroup</Index>. 
 <P/>Note that affine right quasigroups are instances of twists of right quasigroups,
 cf. Section <Ref Sect="Section_TwistArguments"/>. Also note that if <Math>Q</Math> is an abelian group
 then all four formulas reduce to <Math>x*y = f(x)g(y)uv</Math>, and we can replace <Math>u</Math>, <Math>v</Math> with a single element <Math>c</Math>.
 <P/>Several different formats of arithmetic forms are supported in &RightQuasigroups;:
 <List>
 <Item> <Code>(n,f,g,c)</Code> for four integers such that <Code>n</Code> is positive, <Code>Gcd(n,f)=1</Code> (and <Code>Gcd(n,g)=1</Code> for quasigroups).
 The multiplication is then defined on <Code>[0..n-1]</Code> by <Code>(f*x + g*y +c) mod n</Code>.</Item>
 <Item> <Code>(F,f,g,c)</Code>, where <Code>F</Code> is a field, <Code>f</Code> is a nonzero element of <Code>F</Code> and <Code>g</Code>, <Code>c</Code> are elements of <Code>F</Code>
 (and <Code>g</Code> is nonzero for quasigroups).
 The multiplication is then defined on <Code>F</Code> by <Code>f*x + g*y +c</Code>.</Item>
 <Item> <Code>(G,f,g,c)</Code>, where <Code>G</Code> is an abelian group or an abelian additive group,
 <Code>f</Code> is an automorphism of <Code>G</Code>, <Code>g</Code> is an endomorphism of <Code>G</Code>,
 and <Code>c</Code> is an element of <Code>G</Code> (and <Code>g</Code> is bijective for quasigroups). The multiplication is then defined on <Code>G</Code>
 by <Code>x^f+y^g+c</Code> if <Code>G</Code> is an additive group and by <Code>x^f*y^g*c</Code> otherwise.</Item>
 <Item> <Code>(G,f,u,g,v)</Code>, where <Code>G</Code> is a loop, a group, or an additive group,
 <Code>f</Code> is an automorphisms of <Code>G</Code>, <Code>g</Code> is an endomorphisms of <Code>G</Code> and <Code>u</Code>, <Code>v</Code> are elements of <Code>G</Code>
 (and <Code>g</Code> is bijective for quasigroups).
 The multiplication is then defined on <Code>G</Code> by <Code>(x^f+u)+(y^g+v)</Code> in the additive case and by
 <Code>(x^f*u)*(y^g*v)</Code> otherwise.</Item>
 <Item>The three variations <Code>(G,f,u,v,g)</Code>, <Code>(G,u,f,g,v)</Code> and <Code>(G,u,f,v,g)</Code> are also also supported.</Item>
 </List>
<ManSection>
  <Func Arg="arg" Name="IsAffineRightQuasigroupArithmeticForm" />
 <Returns><Code>true</Code> if the arguments constitute an arithmetic form for an affine right quasigroup,  else returns <Code>false</Code>. See above for the possible formats of arithmetic forms.
</Returns>
 <Description>
<P/>
 </Description>
</ManSection>


<ManSection>
  <Func Arg="arg" Name="IsAffineQuasigroupArithmeticForm" />
 <Returns><Code>true</Code> if the arguments constitute an arithmetic form for an affine quasigroup,  else returns <Code>false</Code>. See above for the possible formats of arithmetic forms.
</Returns>
 <Description>
<P/>
 </Description>
</ManSection>


<ManSection>
  <Func Arg="arg[, constructorStyle]" Name="AffineRightQuasigroup" />
 <Returns>the affine right quasigroup by the arithmetic form <Arg>arg</Arg>.  See above for the possible formats of arithmetic forms. If a loop <Code>G</Code> is part of the arithmetic form,
  the right quasigroup is returned as an isotope of <Arg>G</Arg>. In all other cases
  the code first internally creates a suitble right quasigroup <Code>G</Code>and then returns
  an isotope of <Code>Q</Code>.
</Returns>
 <Description>
<P/>
 </Description>
</ManSection>


<ManSection>
  <Func Arg="arg[, constructorStyle]" Name="AffineQuasigroup" />
 <Returns>the affine quasigroup by the arithmetic form <Arg>arg</Arg>.  See above for the possible formats of arithmetic forms. Also see the remark on isotopy under <Code>AffineRightQuasigroup</Code>.
</Returns>
 <Description>
<P/>
 </Description>
</ManSection>


 <P/>Here are four examples of affine (right) quasigroups, constructed from various arithmetic forms.
 First over <Code>([0..n-1],+)</Code>:
<Example><![CDATA[
gap> IsAffineRightQuasigroupArithmeticForm( 10, 3, 5, 1 ); # suitable for (3*x+5*y+1) mod 10
true
gap> IsAffineQuasigroupArithmeticForm( 10, 3, 5, 1 ); # gcd(10,5) <> 1
false
gap> Q := AffineRightQuasigroup( 10, 3, 5, 1 );
<right quasigroup of size 10>
gap> Q := AffineRightQuasigroup( 100000, 333, 777, 5, ConstructorStyle(false,false) ); # non-index based example
<right quasigroup of size 100000>
]]></Example>


 <P/>Next over a finite field:
<Example><![CDATA[
gap> F := GF(9);; f := Z(9);; g := Z(9)^3;; c := Z(9)^5;;
gap> IsAffineQuasigroupArithmeticForm( F, f, g, c ); # suitable for f*x+g*y+c
true
gap> AffineQuasigroup( F, f, g, c );
<quasigroup of size 9>
]]></Example>


 <P/>Next over an abelian group:
<Example><![CDATA[
gap> G := CyclicGroup(10);; A := AutomorphismGroup( G );; f := A.1;; g := A.2;; c := G.1;;
gap> IsAffineQuasigroupArithmeticForm( G, f, g, c ); # suitable for x^f*y^g*c
true
gap> AffineQuasigroup( G, f, g, c );
<quasigroup of size 10>
]]></Example>


 <P/>Next over a group:
<Example><![CDATA[
gap> G := DihedralGroup(12);;
gap> f := MappingByFunction( G, G, x->x^(G.1) );; g := MappingByFunction( G, G, x->x^(G.2) );; u := G.1;; v := G.2;;
gap> IsAffineQuasigroupArithmeticForm( G, f, u, g, v ); # suitable for (x^f*u)*(y^g*v)
true
gap> AffineQuasigroup( G, f, u, g, v ); 
<quasigroup of size 12>
]]></Example>


 <P/>And finally over a loop. Note that the left translations (which are parent permutations) must be converted
 into loop mappings in the example.
<Example><![CDATA[
gap> G := AutomorphicLoop( 10, 1 );; # inner mappings are automorphisms here
gap> f := AsRightQuasigroupMapping( G, LeftInnerMapping( G, G.2, G.3 ) );;
gap> g := f*f;; u := G.1;; v := G.2;;
gap> IsAffineQuasigroupArithmeticForm( G, u, f, v, g ); # suitable for (u*x^f)*(v*y^g)
true 
gap> Q := AffineQuasigroup( G, u, f, v, g ); 
<quasigroup of size 10>
]]></Example>


</Section>


</Chapter>

