<?xml version="1.0" encoding="UTF-8"?>

<!-- This is an automatically generated file. -->
<Chapter Label="Chapter_Racks_and_quandles">
<Heading>Racks and quandles</Heading>

 <P/>A <Emph>rack</Emph><Index>rack</Index> is a right quasigroup satisfying the right self-distributive law
 <Math>(x*y)*z = (x*z)*(y*z)</Math>. A <Emph>quandle</Emph><Index>quandle</Index> is an idempotent rack.
 <P/>A rack <Math>Q</Math> is <Emph>homogeneous</Emph><Index Subkey="homogeneous">rack</Index>
 if its automorphism group acts transitively on <Math>Q</Math>.
 <P/>A rack <Math>Q</Math> is <Emph>connected</Emph><Index Subkey="connected">rack</Index>
 if its right multiplication group acts transitively on <Math>Q</Math>.
 <P/>A rack is <Emph>latin</Emph><Index Subkey="latin">rack</Index> if it is a quasigroup. A latin rack is automatically a (latin) quandle.
 <P/>A latin rack is connected and a connected rack is homogeneous.
 <P/>Constructors of &RightQuasigroups; declare racks and quandles as right quasigroups or, in the latin case, as quasigroups.
 If a rack/quandle is declared as a right quasigroup, it is displayed as <Code>&lt;rack...&gt;</Code> or <Code>&lt;quandle...&gt;</Code>,
 while if it is declared as a quasigroup, it is displayed as <Code>&lt;latin rack...&gt;</Code> or <Code>&lt;latin quandle...&gt;</Code>.

<Section Label="Chapter_Racks_and_quandles_Section_Constructors_for_racks">
<Heading>Constructors for racks</Heading>

 <P/>The projection right quasigroup is automatically a quandle. We support <Code>ProjectionRack</Code> and
 <Code>ProjectionQuandle</Code> as a synonym of <Code>ProjectionRightQuasigroup</Code>.
<ManSection>
  <Oper Arg="n, f[, constructorStyle]" Name="PermutationalRack" Label="for IsPosInt, IsPerm"/>
 <Returns>the permutational rack on <Code>[1..</Code><Arg>n</Arg><Code>]</Code> via the permutation <Arg>f</Arg>, that is, the  rack on <Code>[1..</Code><Arg>n</Arg><Code>]</Code> with multiplication <Code>x*y = x^f</Code>. The permutation <Arg>f</Arg> must restrict
  to <Code>[1..</Code><Arg>n</Arg><Code>]</Code>.
</Returns>
 <Description>
Note that for index based right quasigroups it is possible to change the underlying set
 via <Code>ChangeUnderlyingSet</Code>, cf. Section <Ref Sect="Section_UnderlyingSet"/>.
 </Description>
</ManSection>


<Example><![CDATA[
gap> PermutationalRack( 10, (3,4,5) );
<rack of size 10>
gap> Q := PermutationalRack( 100000, (1,100000), ConstructorStyle( false, true ) );
<rack of size 100000>
gap> Q[1]*Q[2];
r100000
]]></Example>


 <P/>A rack is <Emph>affine</Emph><Index>affine rack</Index> if it is an affine right quasigroup over an abelian group
 (that happens to be a rack). See Section <Ref Sect="Section_Affine"/> for affine right quasigroups
 and their arithmetic forms. For affine racks, we allow only arithmetic forms <Code>(n,f,g,c)</Code>, <Code>(F,f,g,c)</Code> and <Code>(G,f,g,c)</Code>.
 <P/>If <Math>G</Math> is an (additive) abelian group, <Math>f</Math> an automorphism of <Math>G</Math>, <Math>g</Math> an endomorphism of <Math>G</Math> and <Math>c\in G</Math>,
 then the affine right quasigroup on <Math>G</Math> with arithmetic form <Math>(G,f,g,c)</Math> and multiplication <Math>x*y = f(x)+g(y)+c</Math>
 is a rack iff <Math>g(c)=0</Math>, <Math>fg = gf</Math> and <Math>g(f+g-I)</Math> is the zero mapping, where <Math>I</Math> is the identity mapping on <Math>G</Math>.
 <P/>In particular, if <Math>n</Math> is a positive integer, <Math>f</Math> is an integer relatively prime to <Math>n</Math>, and <Math>g</Math>, <Math>c</Math> are integers,
 then the affine right quasigroup on <Math>[0..n-1]</Math> with arithmetic form <Math>(n,f,g,c)</Math> and
 multiplication <Math>x*y = (f*x+g*y+c)\mod n</Math> is a rack iff <Math>gc\equiv 0\pmod n</Math> and <Math>g(f+g-1)\equiv 0\pmod n</Math>.
<ManSection>
  <Oper Arg="arg" Name="IsAffineRackArithmeticForm" Label="for IsPosInt, IsInt, IsInt, IsInt"/>
 <Returns><Code>true</Code> if <Arg>arg</Arg> is an arithmetic form of an affine rack. See above for allowed  arithmetic forms.
</Returns>
 <Description>
<P/>
 </Description>
</ManSection>


<ManSection>
  <Func Arg="arg[, constructorStyle]" Name="AffineRack" />
 <Returns>the affine rack with arithmetic form <Arg>arg</Arg>. See above for allowed  arithmetic forms.
</Returns>
 <Description>
<P/>
 </Description>
</ManSection>


<Example><![CDATA[
gap> # affine rack on [0..11]
gap> [ IsAffineRackArithmeticForm( 12, 5, 2, 6 ), AffineRack( 12, 5, 2, 6 ) ];
[ true, <rack of size 12> ]
gap> # affine rack on GF(9)
gap> F := GF(9);; f := 2*Z(9);; g := Z(9)+One(F);; c := Zero(F);;
gap> [ IsAffineRackArithmeticForm( F, f, g, c ), AffineRack( F, f, g, c ) ]; # latin racks are quandles
[ true, <latin quandle of size 9> ] 
gap> # affine rack on cyclic group of order 4
gap> x := (1,2,3,4);; G := Group( x );;
gap> f := GroupHomomorphismByImages( G, G, [x], [x^-1] );;
gap> g := GroupHomomorphismByImages( G, G, [x], [x^2] );;
gap> c := x^2;;
gap> [ IsAffineRackArithmeticForm( G, f, g, c ), AffineRack( G, f, g, c ) ];
[ true, <rack of size 4> ]
]]></Example>


</Section>


<Section Label="Chapter_Racks_and_quandles_Section_Constructors_for_quandles">
<Heading>Constructors for quandles</Heading>

 <P/>A quandle is <Emph>affine</Emph><Index>affine quandle</Index> if it is an affine right quasigroup over an abelian group
 (that happens to be a quandle). See Section <Ref Sect="Section_Affine"/> for affine right quasigroups
 and their arithmetic forms. 
 <P/>If <Math>G</Math> is an (additive) abelian group, <Math>f</Math> an automorphism of <Math>G</Math>, <Math>g</Math> an endomorphism of <Math>G</Math> and <Math>c\in G</Math>,
 then the affine right quasigroup on <Math>G</Math> with arithmetic form <Math>(G,f,g,c)</Math> and multiplication <Math>x*y = f(x)+g(y)+c</Math>
 is a quandle iff <Math>c=0</Math> and <Math>g=I-f</Math>, where <Math>I</Math> is the identity mapping on <Math>G</Math>.
 Therefore, for affine quandles, we allow only "shortened" arithmetic forms <Code>(n,f)</Code>, <Code>(F,f)</Code> and <Code>(G,f)</Code>.
<ManSection>
  <Oper Arg="arg" Name="IsAffineQuandleArithmeticForm" Label="for IsPosInt, IsInt"/>
 <Returns><Code>true</Code> if <Arg>arg</Arg> is an arithmetic form of an affine quandle. See above for allowed  arithmetic forms.
</Returns>
 <Description>
<P/>
 </Description>
</ManSection>


<ManSection>
  <Func Arg="arg[, constructorStyle]" Name="AffineQuandle" />
 <Returns>the affine quande with arithmetic form <Arg>arg</Arg>. See above for allowed  arithmetic forms. The synonym <Code>AlexanderQuandle</Code> is also supported.
</Returns>
 <Description>
<P/>
 </Description>
</ManSection>


<Example><![CDATA[
gap> # affine quandle on [0..9]
gap> [ IsAffineQuandleArithmeticForm( 10, 3 ), AffineQuandle( 10, 3 ) ];
[ true, <quandle of size 10> ]
gap> # affine quandle on GF(9)
gap> [ IsAffineQuandleArithmeticForm( GF(9), 2*Z(9) ), AffineQuandle( GF(9), 2*Z(9) ) ];
[ true, <latin quandle of size 9> ]
gap> # affine quandle on cyclic group of order 5
gap> G := CyclicGroup(5);; f := Elements( AutomorphismGroup( G ) )[2];
[ f1 ] -> [ f1^2 ]
gap> [ IsAffineQuandleArithmeticForm( G, f ), AffineQuandle( G, f ) ];
[ true, <latin quandle of size 5> ]
]]></Example>


<ManSection>
  <Oper Arg="G[, constructorStyle]" Name="CoreOfGroup" Label="for IsGroup"/>
 <Returns>the core of the group (resp. additive group) <Arg>G</Arg> defined by <Math>x*y = (yx^{-1})y</Math>  (resp. <Math>x*y=y-x+y</Math>). The core is always a quandle.
</Returns>
 <Description>
Note: The value of <Code>constructorStyle.checkArguments</Code> of the optional argument <Code>constructorStyle</Code>
 does not come into play and need not be specified.
 </Description>
</ManSection>


<ManSection>
  <Oper Arg="Q[, constructorStyle]" Name="CoreOfRightBolLoop" Label="for IsRightBolLoop"/>
 <Returns>the core of the right Bol loop <Arg>Q</Arg> defined by <Math>x*y = (yx^{-1})y</Math>.  The core is always a quandle.
</Returns>
 <Description>
Note: The value of <Code>constructorStyle.checkArguments</Code> of the optional argument <Code>constructorStyle</Code>
 does not come into play and need not be specified.
 </Description>
</ManSection>


<Example><![CDATA[
gap> G := AlternatingGroup( 5 );
gap> Q := CoreOfGroup( G );
<quandle of size 60>
gap> Q[(1,2,3)]*Q[(1,2,3,4,5)] = Q[(1,2,3)*(1,2,3,4,5)^(-1)*(1,2,3)];
true
gap> CoreOfRightBolLoop( RightBolLoop(8,1) );
<quandle of size 8>
]]></Example>


 <P/>Given a group <Math>G</Math>, subgroup <Math>H</Math> and an automorphism <Math>f</Math> of <Math>G</Math> that centralizes <Math>H</Math>, 
 the <Emph>Galkin quandle</Emph><Index>Galkin quandle</Index> (aka <Emph>coset quandle</Emph> or <Emph>homogeneous quandle</Emph>)
 is defined on the right cosets <Math>\{Hx:x\in G\}</Math> by <Math>Hx*Hy = H f(xy^{-1})y</Math>. 
<ManSection Label="AutoDoc_generated_group70">
<Heading>GalkinQuandle and HomogeneousQuandle</Heading>
  <Oper Arg="G, H, f[, constructorStyle]" Name="GalkinQuandle" Label="for IsGroup, IsGroup, IsMapping"/>
 <Returns>the Galkin quandle constructed from the group <Arg>G</Arg>, subgroup <Arg>H</Arg>  and automorphism <Arg>f</Arg> of <Arg>G</Arg> that centralizes <Arg>H</Arg>.
  The synonym <Code>HomogeneousQuandle</Code> is also supported.
</Returns>
 <Description>
<P/>
 </Description>
</ManSection>


<Example><![CDATA[
gap> G := SymmetricGroup( 4 );; H := Subgroup( G, [(1,2)] );;
gap> f := Filtered( AutomorphismGroup( G ), g -> (1,2)^g = (1,2) )[3];
^(3,4)
gap> Q := GalkinQuandle( G, H, f );
<quandle of size 12>
]]></Example>


<ManSection>
  <Func Arg="G[, m[, constructorStyle] ]" Name="ConjugationQuandle" />
 <Returns>the conjugation quandle on <Arg>G</Arg> defined by <Math>x*y = y^{-m}*x*y^m</Math>.  The argument <Arg>G</Arg> can either be a group or a collection of group elements closed under
  the above operation.
  If the optional argument <Arg>m</Arg> is omitted, the multiplication is given by <Math>x*y=y^{-1}*x*y</Math>.
</Returns>
 <Description>
<P/>
 </Description>
</ManSection>


<Example><![CDATA[
gap> G := SymmetricGroup( 3 );; 
gap> ConjugationQuandle( G ); # y^-1*x*y on G
<quandle of size 6>
gap> ConjugationQuandle( ConjugacyClass( G, (1,2,3) ) ); # y^-1*x*y on [ (1,2,3), (1,3,2) ]
<quandle of size 2>
gap> ConjugationQuandle( G, 2 ); # y^-2*x*y^2 on G
<quandle of size 6>
]]></Example>


</Section>


<Section Label="Chapter_Racks_and_quandles_Section_Rack_envelopes_and_quandle_envelopes_The_Joyce-Blackburn_representation">
<Heading>Rack envelopes and quandle envelopes: The Joyce-Blackburn representation</Heading>

 <P/>The triple <Math>(G,S,R)</Math> is a <Emph>rack envelope</Emph><Index>rack envelope</Index> if 
 <Math>G</Math> is a (permutation) group, <Math>S</Math> is a set of orbit representatives of <Math>G</Math>, and <Math>R=(r_x:x\in S)</Math>
 is a collection of elements of <Math>G</Math> such that <Math>r_x\in C_G(G_x)</Math> for every <Math>x\in S</Math>,
 and <Math>\langle \bigcup_{x\in S}r_x^G\rangle = G</Math>. Here <Math>r_x^G</Math> is the conjugacy class of <Math>r_x</Math> in <Math>G</Math>.
 <P/>The triple <Math>(G,S,R)</Math> is a <Emph>quandle envelope</Emph><Index>quandle envelope</Index> if
 it is a rack envelope and <Math>r_x(x)=x</Math> (that is, <Math>r_x\in Z(G_x)</Math>) for every <Math>x\in S</Math>.
 <P/>There is a one-to-one correspondence between racks (quandles) and rack envelopes (quandle envelopes)
 on a given set. This is sometimes called the <Emph>Joyce-Blackburn representation</Emph> of racks (quandles).
 Given a rack/quandle <Math>(Q,\cdot)</Math>, let <Math>G=\mathrm{Mlt}_r(Q)</Math> be the right multiplication group of <Math>Q</Math>,
 <Math>S</Math> a set of orbit representatives of <Math>G</Math> on <Math>Q</Math>, and <Math>R=(R_x:x\in S)</Math> (a collection of right transversals).
 Then <Math>(G,S,R)</Math> is a rack/quandle envelope. Conversely, given a rack/quandle envelope <Math>(G,S,R)</Math> on a set <Math>Q</Math>
 with <Math>R=(r_x:x\in S)</Math>, we can define right translations <Math>R_y = r_x^{g_y} = g_y^{-1}r_xg_y</Math>,
 where <Math>g_y</Math> is any element of <Math>G</Math> such that <Math>g_y(x)=y</Math>. Then <Math>(Q,\cdot)</Math> with multiplication <Math>x\cdot y = R_y(x)</Math>
 is a rack/quandle.
 <P/>In &RightQuasigroups;, a rack/quandle envelope is represented as a list <Code>[G,S,R]</Code>, where
 <Code>G</Code> is a permutation group, <Code>S</Code> is a list of points (orbit representatives) and <Code>R</Code> is a list of
 elements of <Code>G</Code>, one for each <Code>x</Code> in <Code>S</Code>. Functions that use rack/quandle envelopes accept
 either a single argument <Code>[G,S,R]</Code> or three arguments <Code>G</Code>, <Code>S</Code>, <Code>R</Code>.
<ManSection Label="AutoDoc_generated_group71">
<Heading>IsRackEnvelope and IsQuandleEnvelope</Heading>
  <Oper Arg="G, reps, perms" Name="IsRackEnvelope" Label="for IsGroup, IsList, IsList"/>
  <Oper Arg="G, reps, perms" Name="IsQuandleEnvelope" Label="for IsGroup, IsList, IsList"/>
 <Returns><Code>true</Code> if <Arg>G</Arg>, <Arg>reps</Arg>, <Arg>perms</Arg> is a rack envelope (resp. quandle envelope).  For the method to apply, <Arg>G</Arg> must be a group and <Arg>reps</Arg>, <Arg>perms</Arg> must be lists.
  To return <Code>true</Code>, <Arg>G</Arg> must be a permutation group with orbit representatives <Arg>reps</Arg> and
  <Arg>perms</Arg><Code>[i]</Code> must be an element of <Math>C_G(G_x)</Math> (resp. <Math>Z(G_x)</Math>), where <Code>x=reps[i]</Code>, and
  the union of the conjugacy classes of the permutations in <Arg>perms</Arg> must generate <Arg>G</Arg>.
  A version with a single argument <Code>[</Code><Arg>G</Arg><Code>,</Code><Arg>reps</Arg><Code>,</Code><Arg>perms</Arg><Code>]</Code> is also supported.
</Returns>
 <Description>
<P/>
 </Description>
</ManSection>


<ManSection Label="AutoDoc_generated_group72">
<Heading>RackEnvelope and QuandleEnvelope</Heading>
  <Oper Arg="Q" Name="RackEnvelope" Label="for IsRack"/>
  <Oper Arg="Q" Name="QuandleEnvelope" Label="for IsQuandle"/>
 <Returns>the rack envelope (quandle envelope) of the rack (quandle) as a list <Code>[G,reps,perms]</Code>.
</Returns>
 <Description>
<P/>
 </Description>
</ManSection>


<ManSection Label="RackByRackEnvelope_and_QuandleByQuandleEnvelope">
  <Oper Arg="G, reps, perms[, constructorStyle]" Name="RackByRackEnvelope" Label="for IsGroup, IsList, IsList"/>
  <Oper Arg="G, reps, perms[, constructorStyle]" Name="QuandleByQuandleEnvelope" Label="for IsGroup, IsList, IsList"/>
 <Returns>the rack (quandle) corresponding to the rack envelope (quandle envelope)  <Code>[</Code><Arg>G</Arg><Code>,</Code><Arg>reps</Arg><Code>,</Code><Arg>perms</Arg><Code>]</Code>. The underlying set will be
  the union of the orbits of <Arg>G</Arg> on the representatives <Arg>reps</Arg>.
  The resulting rack (quandle) is connected if <Arg>G</Arg> has a single orbit.
  A version with a single non-optional argument <Code>[</Code><Arg>G</Arg><Code>,</Code><Arg>reps</Arg><Code>,</Code><Arg>perms</Arg><Code>]</Code>
  is also supported.
</Returns>
 <Description>
<P/>
 </Description>
</ManSection>


<Example><![CDATA[
gap> Q := SmallQuandle( 10, 1000 );
#I   - reading data file
<small quandle 10/1000>
gap> env := QuandleEnvelope( Q );
[ Group([ (1,3,2)(7,8) ]), [ 1, 4, 5, 6, 7, 9, 10 ],
  [ (), (), (1,2,3), (1,3,2)(7,8), (1,2,3), (1,3,2)(7,8), (1,3,2)(7,8) ] ]
gap> Q2 := QuandleByQuandleEnvelope( env );
<quandle of size 10>
gap> IsomorphismQuandles( Q, Q2 );
MappingByFunction( <small quandle 10/1000>, <quandle of size 10>, function( x ) ... end )
gap> AsParentTransformation( last );
IdentityTransformation
gap> QuandleByQuandleEnvelope( env[1], env[2], env[3] ); # separate arguments also supported for envelopes
<quandle of size 10>
]]></Example>


</Section>


<Section Label="Chapter_Racks_and_quandles_Section_Subracks_and_subquandles">
<Heading>Subracks and subquandles</Heading>

<ManSection Label="AutoDoc_generated_group73">
<Heading>Testing subracks and subquandles</Heading>
  <Oper Arg="Q, S" Name="IsSubrack" Label="for IsRack, IsRack"/>
  <Oper Arg="Q, S" Name="IsSubquandle" Label="for IsQuandle, IsQuandle"/>
 <Returns><Code>true</Code> if <Arg>S</Arg> is a subrack (subquandle) of the rack (quandle) <Arg>Q</Arg>, else returns <Code>false</Code>.
</Returns>
 <Description>
<P/>
 </Description>
</ManSection>


<ManSection Label="AutoDoc_generated_group74">
<Heading>Creating subracks and subquandles</Heading>
  <Oper Arg="Q, gens" Name="Subrack" Label="for IsRack, IsCollection"/>
  <Oper Arg="Q, gens" Name="Subquandle" Label="for IsQuandle, IsCollection"/>
 <Returns>the subrack (subquandle) of a rack (quandle) <Arg>Q</Arg>  generated by the list of elements <Arg>gens</Arg>. We allow <Arg>gens</Arg> to consist of elements of <Arg>Q</Arg> or 
  of elements of the underlying set of <Arg>Q</Arg>. 
  The resulting subalgebra will be index based (cf. Section <Ref Sect="Section_IndexBased"/>) iff
  <Arg>Q</Arg> is index based. 
</Returns>
 <Description>
<P/>
 </Description>
</ManSection>


<Example><![CDATA[
gap> Q := AffineRack( 12, 5, 2, 6 );;
gap> S := Subrack( Q, [ Q[2] ] );
<rack of size 2>
gap> IsSubrack( Q, S );
true
]]></Example>


<ManSection Label="AutoDoc_generated_group75">
<Heading>All subracks and subquandles</Heading>
  <Oper Arg="Q" Name="AllSubracks" Label="for IsRack"/>
  <Oper Arg="Q" Name="AllSubquandles" Label="for IsQuandle"/>
 <Returns>a list of all subracks (subquandles) of a rack (quandle) <Arg>Q</Arg>.
</Returns>
 <Description>
<P/>
 </Description>
</ManSection>


<Example><![CDATA[
gap> Q := ConjugationQuandle( SymmetricGroup( 3 ) );;
gap> List( AllSubquandles( Q ), Size );
[ 1, 1, 1, 1, 1, 2, 2, 2, 2, 2, 3, 5, 2, 4, 6, 3 ]
]]></Example>


<ManSection Label="AutoDoc_generated_group76">
<Heading>Racks and quandles by generators</Heading>
  <Func Arg="gens..." Name="Rack" />
  <Func Arg="gens..." Name="Quandle" />
  <Func Arg="gens..." Name="RackByGenerators" />
  <Func Arg="gens..." Name="QuandleByGenerators" />
  <Func Arg="gens..." Name="RackWithGenerators" />
  <Func Arg="gens..." Name="QuandleWithGenerators" />
 <Description>
 <P/>These functions are analogous to those described in Section <Ref Sect="Section_ByGenerators"/>
<P/>
 </Description>
</ManSection>


<Example><![CDATA[
gap> Q := ConjugationQuandle( SymmetricGroup( 3 ) );;
gap> S := QuandleWithGenerators( [ Q[(1,2)], Q[(1,2,3)] ] );
<quandle of size 5>
gap> GeneratorsOfMagma( S );
[ r(1,2), r(1,2,3) ]
]]></Example>


</Section>


<Section Label="Chapter_Racks_and_quandles_Section_Isomorphisms_and_isotopisms_of_racks_and_quandles">
<Heading>Isomorphisms and isotopisms of racks and quandles</Heading>

<ManSection Label="AutoDoc_generated_group77">
<Heading>IsomorphismRacks, IsomorphismQuandles</Heading>
  <Oper Arg="Q1, Q2" Name="IsomorphismRacks" Label="for IsRack, IsRack"/>
  <Oper Arg="Q1, Q2" Name="IsomorphismQuandles" Label="for IsQuandle, IsQuandle"/>
 <Returns>an isomorphism between the racks (quandles) <Arg>Q1</Arg> and <Arg>Q2</Arg>, if one exists,  else returns <Code>fail</Code>. If an isomorphism from <Arg>Q1</Arg> to <Arg>Q2</Arg> exists,
  it is returned as a permutation of <Math>[1..n]</Math>, where <Math>n</Math> is the size of <Arg>Q1</Arg>
  (and hence also the size of <Arg>Q2</Arg>).
</Returns>
 <Description>
<P/>
 </Description>
</ManSection>


<ManSection Label="AutoDoc_generated_group78">
<Heading>Racks and quandles up to isomorphism</Heading>
  <Oper Arg="ls" Name="RacksUpToIsomorphism" Label="for IsList"/>
  <Oper Arg="ls" Name="QuandlesUpToIsomorphism" Label="for IsList"/>
 <Returns>a sublist of <Code>ls</Code> consisting of all racks (quandles) in <Code>ls</Code> up to isomorphism.
</Returns>
 <Description>
<P/>
 </Description>
</ManSection>


</Section>


<Section Label="Chapter_Racks_and_quandles_Section_Testing_properties_of_racks_and_quandles">
<Heading>Testing properties of racks and quandles</Heading>

<ManSection Label="AutoDoc_generated_group63">
<Heading>IsRack and IsQuandle</Heading>
  <Prop Arg="Q" Name="IsRack" Label="for IsRightQuasigroup"/>
  <Prop Arg="Q" Name="IsQuandle" Label="for IsRightQuasigroup"/>
 <Returns><Code>true</Code> if the right quasigroup <Arg>Q</Arg> is a rack/quandle, else returns <Code>false</Code>.
</Returns>
 <Description>
<P/>
 </Description>
</ManSection>


<ManSection Label="AutoDoc_generated_group64">
<Heading>IsHomegeneousRack and IsHomogeneousQuandle</Heading>
  <Prop Arg="Q" Name="IsHomogeneousRack" Label="for IsRightQuasigroup"/>
  <Prop Arg="Q" Name="IsHomogeneousQuandle" Label="for IsRightQuasigroup"/>
 <Returns><Code>true</Code> if the right quasigroup <Arg>Q</Arg> is a homogeneous rack/quandle,  that is, a rack/quandle on which the automorphism group acts transitively.
</Returns>
 <Description>
<P/>
 </Description>
</ManSection>


<ManSection Label="AutoDoc_generated_group65">
<Heading>IsConnectedRack and IsConnectedQuandle</Heading>
  <Prop Arg="Q" Name="IsConnectedRack" Label="for IsRightQuasigroup"/>
  <Prop Arg="Q" Name="IsConnectedQuandle" Label="for IsRightQuasigroup"/>
 <Returns><Code>true</Code> if the right quasigroup <Arg>Q</Arg> is a connected rack/quandle,  that is, a rack/quandle on which the right multiplication group acts transitively.
</Returns>
 <Description>
<P/>
 </Description>
</ManSection>


<ManSection Label="AutoDoc_generated_group66">
<Heading>IsLatinRack and IsLatinQuandle</Heading>
  <Prop Arg="Q" Name="IsLatinRack" Label="for IsRightQuasigroup"/>
  <Prop Arg="Q" Name="IsLatinQuandle" Label="for IsRightQuasigroup"/>
 <Returns><Code>true</Code> if the right quasigroup <Arg>Q</Arg> is a latin rack/quandle, else returns <Code>false</Code>.
</Returns>
 <Description>
<P/>
 </Description>
</ManSection>


<ManSection Label="AutoDoc_generated_group67">
<Heading>IsProjectionRack and IsProjectionQuandle</Heading>
  <Prop Arg="Q" Name="IsProjectionRack" Label="for IsRightQuasigroup"/>
  <Prop Arg="Q" Name="IsProjectionQuandle" Label="for IsRightQuasigroup"/>
 <Returns><Code>true</Code> if the right quasigroup <Arg>Q</Arg> is a projection rack/quandle,  that is, a rack/quandle satisfying <Math>x*y=x</Math>.
</Returns>
 <Description>
<P/>
 </Description>
</ManSection>


<ManSection Label="AutoDoc_generated_group68">
<Heading>IsPermutationalRack and IsPermutationalQuandle</Heading>
  <Prop Arg="Q" Name="IsPermutationalRack" Label="for IsRightQuasigroup"/>
  <Prop Arg="Q" Name="IsPermutationalQuandle" Label="for IsRightQuasigroup"/>
 <Returns><Code>true</Code> if the right quasigroup <Arg>Q</Arg> is a permutational rack/quandle,  that is, a rack/quandle satisfying <Math>x*y=f(x)</Math> for some permutation <Math>f</Math> of <Arg>Q</Arg>.
</Returns>
 <Description>
<P/>
 </Description>
</ManSection>


<ManSection Label="AutoDoc_generated_group69">
<Heading>IsFaithfulRack and IsFaithfulQuandle</Heading>
  <Prop Arg="Q" Name="IsFaithfulRack" Label="for IsRightQuasigroup"/>
  <Prop Arg="Q" Name="IsFaithfulQuandle" Label="for IsRightQuasigroup"/>
 <Returns><Code>true</Code> if the right quasigroup <Arg>Q</Arg> is a faithful rack/quandle,  that is, a rack/quandle with <Math>x\mapsto R_x</Math> injective <Arg>Q</Arg>.
</Returns>
 <Description>
<P/>
 </Description>
</ManSection>


</Section>


</Chapter>

