<?xml version="1.0" encoding="UTF-8"?>

<!-- This is an automatically generated file. -->
<Chapter Label="Chapter_PermGroups">
<Heading>Associated permutation groups</Heading>

<Section Label="Section_Translations">
<Heading>Translations and sections</Heading>

 <P/>Let <Code>Q</Code> be a right quasigroup with a parernt of size <Code>nP</Code>.
 Right translations of right quasigroups and left translations of quasigroups
 are represented as parent permutations in &RightQuasigroups;, cf. Section <Ref Sect = "Section_MappingsIntro"/>.
 Consequently, such translations are elements of the symmetric group on <Code>[1..nP]</Code>.
 <P/>A left translation of a right quasigroup <Code>Q</Code> is not necessarily a permutation
 and it is represented as transformation on <Code>[1..nP]</Code> that fixes all
 points outside of <Code>ParentInd( Q )</Code>. Consequently, such translations are
 elements of the full transformation semigroup on <Code>[1..nP]</Code>.
<ManSection>
  <Oper Arg="Q, x" Name="RightTranslation" Label="for IsRightQuasigroup, IsObject"/>
 <Returns>the right translation by the element <Arg>x</Arg> in the right quasigroup <Arg>Q</Arg>.  We allow <Arg>x</Arg> to be an element of <Arg>Q</Arg> or an element of the underlying set of <Arg>Q</Arg>.
  The right translation is returned as a parent permutation, cf. 
  Section <Ref Sect="Section_Parent"/>.
</Returns>
 <Description>
<P/>
 </Description>
</ManSection>


<ManSection>
  <Oper Arg="Q, x" Name="LeftTranslation" Label="for IsRightQuasigroup, IsObject"/>
 <Returns>the left translation by the element <Arg>x</Arg> in the right quasigroup <Arg>Q</Arg>.  We allow <Arg>x</Arg> to be an element of <Arg>Q</Arg> or an element of the underlying set of <Arg>Q</Arg>.
  If <Arg>Q</Arg> is a quasigroup, the translation is returned as a parent permutation,
  cf. Section <Ref Sect="Section_Parent"/>. If <Arg>Q</Arg> is merely 
  a right quasigroup, the left translation is returned as a transformation on <Code>[1..Size( Parent( </Code><Arg>Q</Arg><Code> ) )]</Code>,
  even if the left translation happens to be a permutation.
</Returns>
 <Description>
<P/>
 </Description>
</ManSection>


<ManSection Label="AutoDoc_generated_group48">
<Heading>Sections</Heading>
  <Attr Arg="Q" Name="RightSection" Label="for IsRightQuasigroup"/>
  <Attr Arg="Q" Name="LeftSection" Label="for IsRightQuasigroup"/>
 <Returns>the right (left) section of a right quasigroup <Code>Q</Code>, i.e., the list  of all right (left) translations by elements of <Code>Q</Code>.
</Returns>
 <Description>
<P/>
 </Description>
</ManSection>


</Section>


<Section Label="Section_Mlt">
<Heading>Multiplication groups and relative multiplication groups</Heading>

 <P/>The <Index>right multiplication group</Index><Emph>right multiplication group</Emph> <Math>\textrm{Mlt}_r(Q)</Math>
 of a right quasigroup <Math>Q</Math> is the permutation group generated by all right translations of <Math>Q</Math>.
 The <Index>left multiplication group</Index><Emph>left multiplication group</Emph> <Math>\textrm{Mlt}_\ell(Q)</Math>
 of a left quasigroup <Math>Q</Math> is defined dually. The <Index>multiplication group</Index>
 <Emph>multiplication group</Emph> <Math>\textrm{Mlt}(Q)</Math> of a quasigroup <Code>Q</Code> is the permutation group generated
 by all left and right translations of <Math>Q</Math>.
 <P/>If <Math>S</Math> is a subrightquasigroup of a right quasigroup <Math>Q</Math>, the
 <Index>relative right multiplication group</Index><Emph>relative right multiplication group</Emph>
 of <Math>S</Math> in <Math>Q</Math> is the subgroup of <Math>\textrm{Mlt}_r(Q)</Math> generated by all right translations 
 in <Math>Q</Math> by elements of <Math>S</Math>. Note that there is a difference betwee the relative right multiplication
 group of <Math>S</Math> in <Math>Q</Math> and the right multiplication group of <Math>S</Math>.
 The <Index>relative left multiplication group</Index><Emph>relative left multiplication group</Emph>
 and the <Index>relative multiplication group</Index><Emph>relative multiplication group</Emph>
 of <Math>S</Math> in <Math>Q</Math> are defined analogously.
<ManSection Label="AutoDoc_generated_group49">
<Heading>Multiplication groups</Heading>
  <Attr Arg="Q" Name="RightMultiplicationGroup" Label="for IsRightQuasigroup"/>
  <Attr Arg="Q" Name="LeftMultiplicationGroup" Label="for IsQuasigroup"/>
  <Attr Arg="Q" Name="MultiplicationGroup" Label="for IsQuasigroup"/>
 <Returns>the (right, left) multiplication group of the right quasigroup  <Code>Q</Code> as a subgroup of the symmetric group on the set <Code>[1..Size(Parent(Q))]</Code>.
  For the left and two-sided versions, <Code>Q</Code> must be a quasigroup.
  An effort is made to return the group with a precalculated small generating set.
</Returns>
 <Description>
<P/>
 </Description>
</ManSection>


<ManSection>
  <Attr Arg="Q" Name="LeftMultiplicationSemigroup" Label="for IsRightQuasigroup"/>
 <Returns>the left multiplication semigroup of the right quasigoup <Code>Q</Code>  as a subsemigroup of the full transformation semigroup on the set <Code>[1..Size(Parent(Q))]</Code>.
  If <Code>Q</Code> is a quasigorup, the function returns the group <Code>LeftMultiplicationGroup( Q )</Code>.
</Returns>
 <Description>
<P/>
 </Description>
</ManSection>


<ManSection Label="AutoDoc_generated_group50">
<Heading>Relative multiplication groups</Heading>
  <Oper Arg="Q, S" Name="RelativeRightMultiplicationGroup" Label="for IsRightQuasigroup, IsRightQuasigroup"/>
  <Oper Arg="Q, S" Name="RelativeLeftMultiplicationGroup" Label="for IsQuasigroup, IsQuasigroup"/>
  <Oper Arg="Q, S" Name="RelativeMultiplicationGroup" Label="for IsQuasigroup, IsQuasigroup"/>
 <Returns>the relative (right, left) multiplication group of a subrightquasigroup <Code>S</Code>  in the right quasigroup <Code>Q</Code>. For the left an two-sided versions, <Code>Q</Code> must be a quasigroup.
  An effort is made to return the group with a precalculated small generating set.
</Returns>
 <Description>
<P/>
 </Description>
</ManSection>


<Example><![CDATA[
gap> Q := AsQuasigroup( Group( (1,2,3,4,5,6 ) ) );;
gap> Size( RightMultiplicationGroup( Q ) );
6
gap> S := Subquasigroup( Q, [ Q[(1,3,5)(2,4,6)] ] );
<associative quasigroup of size 3>
gap> RightTranslation( S, (1,3,5)(2,4,6) );
(1,3,5)
gap> LeftTranslation( S, (1,3,5)(2,4,6) );
(1,3,5)
gap> Size( LeftMultiplicationGroup( S ) );
3
gap> RelativeLeftMultiplicationGroup( Q, S );
Group([ (1,3,5)(2,4,6) ])
gap> LeftMultiplicationGroup( S );
Group([ (1,3,5) ])
gap> RelativeRightMultiplicationGroup( Q, S );
Group([ (1,3,5)(2,4,6) ])
gap> Size( MultiplicationGroup( Q ) );
6
]]></Example>


</Section>


<Section Label="Chapter_Associated_permutation_groups_Section_Inner_mappings_and_inner_mapping_groups">
<Heading>Inner mappings and inner mapping groups</Heading>

 <P/>Elements of the multiplication groups that fix the identity element
 are called <Index>inner mappings</Index><Emph>inner mappings</Emph> in loop theory.
 We extend the definition of traditional inner mappings to right quasigroups and
 quasigroups 
 <P/>When <Math>Q</Math> is a right quasigroup and <Math>x,y\in Q</Math>, the <Index>right inner mapping</Index>
 <Emph>right inner mapping</Emph> determined by <Math>x</Math> and <Math>y</Math> is the permutation <Math>R(x,y) = R_{xy}^{-1} R_y R_x</Math>,
 where we compose mappings from right to left. The <Index>right inner mapping group</Index>
 <Emph>right inner mapping group</Emph> of <Math>Q</Math> is the subgroup of the right multiplication group <Math>\textrm{Mlt}_r(Q)</Math> of <Math>Q</Math>
 generated by all right inner mappings. When <Math>Q</Math> is a loop, the right inner mapping group
 is the stabilizer of the neutral element of <Math>Q</Math> in <Math>\textrm{Mlt}_r(Q)</Math>.
 <P/>When <Math>Q</Math> is a quasigroup and <Math>x,y\in Q</Math>, the <Index>middle inner mapping</Index>
 <Emph>middle inner mapping</Emph> determined by <Math>x</Math> is the permutation <Math>L(x)^{-1} R(x)</Math>,
 and the <Index>left inner mapping</Index><Emph>left inner mapping</Emph> determined by <Math>x</Math> and <Math>y</Math> is the
 permutation <Math>L(x,y) = L_{yx}^{-1} L_y L_x</Math>. The <Index>middle inner mapping group</Index>
 <Emph>middle inner mapping group</Emph> of <Math>Q</Math> is the subgroup of the multiplication group of <Math>Q</Math>
 generated by all middle inner mappings. The <Index>left inner mapping group</Index>
 <Emph>left inner mapping group</Emph> of <Math>Q</Math> is the subgroup of the left multiplication group <Math>\textrm{Mlt}_\ell(Q)</Math> of <Math>Q</Math>
 generarted by all left inner mappings. When <Math>Q</Math> is a loop, the left inner mapping grup
 is the stabilizer of the neutral element of <Math>Q</Math> in <Math>\textrm{Mlt}_\ell(Q)</Math>.
 Finally, the <Index>inner mapping group</Index><Emph>inner mapping group</Emph> of <Math>Q</Math> is the
 subroup of the multiplication group <Math>\textrm{Mlt}(Q)</Math> of <Math>Q</Math> generated by all right, middle and left
 inner mappings. When <Math>Q</Math> is a loop, the inner mapping group is the stabilizer of the
 neutral element of <Math>Q</Math> in <Math>\textrm{Mlt}(Q)</Math>.
<ManSection Label="AutoDoc_generated_group51">
<Heading>Inner mappings</Heading>
  <Oper Arg="Q, x, y" Name="RightInnerMapping" Label="for IsRightQuasigroup, IsRightQuasigroupElement, IsRightQuasigroupElement"/>
  <Oper Arg="Q, x" Name="MiddleInnerMapping" Label="for IsQuasigroup, IsQuasigroupElement"/>
  <Oper Arg="Q, x, y" Name="LeftInnerMapping" Label="for IsQuasigroup, IsQuasigroupElement, IsQuasigroupElement"/>
 <Returns>the right, middle and left inner mappings in <Code>Q</Code> determined by <Code>x</Code> (and <Code>y</Code>).  For the right inner mappings, <Code>Q</Code> can be a right quasigroups. For the middle and left inner
  mappings, <Code>Q</Code> must be a quasigroup.
</Returns>
 <Description>
<P/>
 </Description>
</ManSection>


<ManSection Label="AutoDoc_generated_group52">
<Heading>Inner mapping groups</Heading>
  <Attr Arg="Q" Name="RightInnerMappingGroup" Label="for IsRightQuasigroup"/>
  <Attr Arg="Q" Name="MiddleInnerMappingGroup" Label="for IsQuasigroup"/>
  <Attr Arg="Q" Name="LeftInnerMappingGroup" Label="for IsLoop"/>
  <Attr Arg="Q" Name="InnerMappingGroup" Label="for IsLoop"/>
 <Returns>the (right, middle, left) inner mapping group of a quasigroup <Code>Q</Code>. For the  right inner mapping group, we alow <Code>Q</Code> to be a right quasigroup.
</Returns>
 <Description>
<P/>
 </Description>
</ManSection>


<Example><![CDATA[
gap> ct := [[1,2,3,4,5],[2,1,4,5,3],[3,5,1,2,4],[4,3,5,1,2],[5,4,2,3,1]];;
gap> Q := LoopByCayleyTable( ct );; # not commutative
gap> LeftInnerMapping( Q, Q.3, Q.3 );
(2,4,5)
gap> L := LeftMultiplicationGroup( Q );;
gap> LInn := LeftInnerMappingGroup( Q );;
gap> [ Size( L ), Size( LInn ) ];
[ 120, 24 ]
gap> (2,4,5) in L;
true
gap> LInn = Stabilizer( L, 1 );
true
gap> RInn := RightInnerMappingGroup( Q );;
gap> Size( RInn );
24
gap> ForAll( Q, x -> ForAll( Q, y -> RightInnerMapping( Q, x, y ) in RInn ) );
true
gap> LInn = RInn;
true
gap> Size( MiddleInnerMappingGroup( Q ) );
12
]]></Example>


</Section>


<Section Label="Chapter_Associated_permutation_groups_Section_Displacement_groups">
<Heading>Displacement groups</Heading>

 <P/>For a right quasigroup <Math>(Q,\cdot)</Math>, define the <Emph>right positive displacement group</Emph> <Math>\mathrm{Dis}_r^+(Q) =\langle R_xR_y^{-1}:x,y\in Q\rangle</Math>,
 the <Emph>right negative displacement group</Emph> <Math>\mathrm{Dis}_r^-(Q) =\langle R_x^{-1}R_y:x,y\in Q\rangle</Math>,
 and the <Emph>right displacement group</Emph> <Math>\mathrm{Dis}_r(Q) = \langle R_xR_y^{-1},R_x^{-1}R_y:x,y\in Q\rangle</Math>.
 <P/>For a fixed <Math>e\in Q</Math> we then have <Math>\mathrm{Dis}_r^+(Q)=\langle R_eR_x^{-1}:x\in Q\rangle = \langle R_xR_e^{-1}:x\in Q\rangle</Math> and
 <Math>\mathrm{Dis}_r^-(Q)=\langle R_x^{-1}R_e:x\in Q\rangle = \langle R_e^{-1}R_x:x\in Q\rangle</Math>.
 <P/>The <Emph>left displacement groups</Emph> are defined analogously for a left quasigroup <Math>(Q,\cdot)</Math> by 
 <Math>\mathrm{Dis}_\ell^+(Q) =\langle L_xL_y^{-1}:x,y\in Q\rangle</Math>, <Math>\mathrm{Dis}_\ell^-(Q) =\langle L_x^{-1}L_y:x,y\in Q\rangle</Math>
 and <Math>\mathrm{Dis}_\ell(Q) = \langle L_xL_y^{-1},L_x^{-1}L_y:x,y\in Q\rangle</Math>.
 <P/>For a fixed <Math>e\in Q</Math> we then have <Math>\mathrm{Dis}_\ell^+(Q)=\langle L_eL_x^{-1}:x\in Q\rangle = \langle L_xL_e^{-1}:x\in Q\rangle</Math> and
 <Math>\mathrm{Dis}_\ell^-(Q)=\langle L_x^{-1}L_e:x\in Q\rangle = \langle L_e^{-1}L_x:x\in Q\rangle</Math>.
<ManSection Label="AutoDoc_generated_group53">
<Heading>Right displacement groups</Heading>
  <Attr Arg="Q" Name="RightPosDisplacementGroup" Label="for IsRightQuasigroup"/>
  <Attr Arg="Q" Name="RightNegDisplacementGroup" Label="for IsRightQuasigroup"/>
  <Attr Arg="Q" Name="RightDisplacementGroup" Label="for IsRightQuasigroup"/>
 <Returns>the various right displacement groups of the right quasigroup <Arg>Q</Arg>.
</Returns>
 <Description>
<P/>
 </Description>
</ManSection>


<ManSection Label="AutoDoc_generated_group54">
<Heading>Left displacement groups</Heading>
  <Attr Arg="Q" Name="LeftPosDisplacementGroup" Label="for IsQuasigroup"/>
  <Attr Arg="Q" Name="LeftNegDisplacementGroup" Label="for IsQuasigroup"/>
  <Attr Arg="Q" Name="LeftDisplacementGroup" Label="for IsQuasigroup"/>
 <Returns>the various left displacement groups of the quasigroup <Arg>Q</Arg>.
</Returns>
 <Description>
<P/>
 </Description>
</ManSection>


<ManSection>
  <Prop Arg="Q" Name="IsIsotopicToGroup" Label="for IsQuasigroup"/>
 <Returns><Code>true</Code> if the quasigroup <Arg>Q</Arg> is isotopic to a group, else returns <Code>false</Code>.
</Returns>
 <Description>
Note that a quasigroup <Math>(Q,\cdot)</Math> is isotopic to a group iff <Math>\mathrm{Dis}_\ell^+(Q)</Math>
 acts regularly on <Math>Q</Math>, in which case <Math>(Q,\cdot)</Math> is isotopic to <Math>\mathrm{Dis}_\ell^+(Q)</Math>
 (cf. Chapter <Ref Chap="Chapter_Morphisms"/>).
 </Description>
</ManSection>


<ManSection>
  <Prop Arg="Q" Name="IsIsotopicToAbelianGroup" Label="for IsQuasigroup"/>
 <Returns><Code>true</Code> if the quasigroup <Arg>Q</Arg> is isotopic to an abelian group, else returns <Code>false</Code>.
</Returns>
 <Description>
<P/>
 </Description>
</ManSection>


<Example><![CDATA[
gap> Q := QuasigroupByFunction( GF(5), \- );
<quasigroup of size 5>
gap> RightPosDisplacementGroup( Q );
Group([ (1,4,5,3,2) ])
gap> LeftDisplacementGroup( Q );
Group([ (1,2,3,5,4) ])
gap> IsIsotopicToGroup( Q );
true
gap> IsIsotopicToAbelianGroup( Q );
true
]]></Example>


</Section>


<Section Label="Chapter_Associated_permutation_groups_Section_Realizing_permutation_groups_as_multiplication_groups_of_loops">
<Heading>Realizing permutation groups as multiplication groups of loops</Heading>

 <P/>The multiplication group <Math>\mathrm{Mlt}(Q)</Math> of a loop <Math>Q</Math> is the permutation
 group generated by all left and right translations of <Math>Q</Math>, cf. <Ref Sect="Section_Mlt"/>.
 It is a difficult question in loop theory to determine which permutation groups
 can be realized as multiplication groups of loops.
 The following functions search for loops such that their multiplication group
 is contained in or equal to a given permutation group <Code>G</Code>.
 <P/>Since the emphasis here is on the multiplication groups, the results
 are returned as right sections of loops, cf. <Ref Sect="Section_Translations"/>.
 A right section <Code>sec</Code> contained in the symmetric group on <Code>[1..n]</Code> can then be
 converted to a loop by the command <Code>LoopByRightSection( [1..n], sec )</Code>.
 <P/>There are two optional parameters in the searches.
 <List>
 <Item>One can speed up the search by setting the argument <Code>depth</Code> higher;
 the price is a much bigger memory consumption. The value of <Code>depth</Code>
 is automatically and optimally chosen if in the permutation group <Code>G</Code>
 there are "not many" permutations fixing <Code>depth</Code> elements. The optional
 argument <Code>depth</Code> can be ommmitted, or set to <Code>depth=2</Code> with no harm.</Item>
 <Item>The second optional argument <Code>infolevel</Code> determines the amount of information
 reported during the search. With <Code>infolevel=0</Code>, no information is reported.
 With <Code>infolevel=1</Code>, information on timing and hits is reported.
 With <Code>infolevel=2</Code>, intermediate results are printed as well.</Item>
 </List>
<ManSection>
  <Oper Arg="G[, depth[, infolevel]]" Name="AllLoopsWithMltInGroup" Label="for IsGroup"/>
 <Returns>a (possibly empty) list of right sections of all loops <Math>Q</Math> such that <Math>\mathrm{Mlt}(Q)\le G</Math>.  Returns <Code>fail</Code> is something is wrong with the arguments.
</Returns>
 <Description>
<P/>
 </Description>
</ManSection>


<ManSection>
  <Oper Arg="G[, depth[, infolevel]]" Name="AllNonassociativeLoopsWithMltInGroup" Label="for IsGroup"/>
 <Returns>a (possibly empty) list of right sections of all nonassociative loops <Math>Q</Math> such that <Math>\mathrm{Mlt}(Q)\le G</Math>.  Returns <Code>fail</Code> if something is wrong with the arguments.
</Returns>
 <Description>
<P/>
 </Description>
</ManSection>


<ManSection>
  <Oper Arg="G[, depth[, infolevel]]" Name="OneLoopWithMltInGroup" Label="for IsGroup"/>
 <Returns>a list that is either empty or contains the right section of a loop <Math>Q</Math> such that <Math>\mathrm{Mlt}(Q)\le G</Math>.  Returns <Code>fail</Code> if something is wrong with the arguments.
</Returns>
 <Description>
<P/>
 </Description>
</ManSection>


<ManSection>
  <Oper Arg="G[, depth[, infolevel]]" Name="OneNonassociativeLoopWithMltInGroup" Label="for IsGroup"/>
 <Returns>a list that is either empty or contains the right section of a nonassociative loop <Math>Q</Math> such that <Math>\mathrm{Mlt}(Q)\le G</Math>.  Returns <Code>fail</Code> if something is wrong with the arguments.
</Returns>
 <Description>
<P/>
 </Description>
</ManSection>


<ManSection>
  <Oper Arg="G[, depth[, infolevel]]" Name="AllLoopsWithMltGroup" Label="for IsGroup"/>
 <Returns>a (possibly empty) list of right sections of all loops <Math>Q</Math> such that <Math>\mathrm{Mlt}(Q)=G</Math>.  Returns <Code>fail</Code> if something is wrong with the arguments.
</Returns>
 <Description>
<P/>
 </Description>
</ManSection>


<ManSection>
  <Oper Arg="G[, depth[, infolevel]]" Name="OneLoopWithMltGroup" Label="for IsGroup"/>
 <Returns>a list that is either empty or contains the right section of a loop <Math>Q</Math> such that <Math>\mathrm{Mlt}(Q)=G</Math>.  Returns <Code>fail</Code> if something is wrong with the arguments.
</Returns>
 <Description>
<P/>
 </Description>
</ManSection>


<Example><![CDATA[
gap> G := AlternatingGroup( 6 );;
gap> OneLoopWithMltGroup( G, 2, 0 );
[ [ (), (1,2)(3,4,5,6), (1,3)(2,4,6,5), (1,4)(2,5,3,6), (1,5)(2,6,4,3), (1,6)(2,3,5,4) ] ]
gap> Q := LoopByRightSection( [1..6], last[ 1 ] );
<loop of size 6>
gap> MultiplicationGroup( Q ) = G;
true
gap> AllLoopsWithMltInGroup( SymmetricGroup( 4 ), 2, 0);
[ [ (), (1,2)(3,4), (1,3)(2,4), (1,4)(2,3) ], [ (), (1,2)(3,4), (1,3,2,4), (1,4,2,3) ],
  [ (), (1,2,3,4), (1,3)(2,4), (1,4,3,2) ] ]
gap> a := AllLoopsWithMltInGroup( PGL(3,3), 3, 0 );; Size(a);
56
gap> a := AllLoopsWithMltGroup(PGL(3,3), 3, 0);; Size(a);
52
]]></Example>


</Section>


</Chapter>

