<?xml version="1.0" encoding="UTF-8"?>

<!-- This is an automatically generated file. -->
<Chapter Label="Chapter_Bol_loops_and_Moufang_loops">
<Heading>Bol loops and Moufang loops</Heading>

<Section Label="Chapter_Bol_loops_and_Moufang_loops_Section_Bol_loops">
<Heading>Bol loops</Heading>

 <P/>A right Bruck loop is a right Bol loop satisfying the automorphic inverse property.
 If <Math>Q</Math> is a right Bruck loop in which the squaring map <Math>x\mapsto x^2</Math> is a permutation,
 then <Math>(Q,\circ)</Math> with multiplication <Math>x\circ y = ((x(yy))x)^{1/2}</Math> is a right Bruck loop,
 the right Bruck loop <Index>associated right Bruck loop</Index><Emph>associated</Emph>
 with <Math>Q</Math>. Here, <Math>x^{1/2}</Math> is the square-root of <Math>x</Math>, the unique element <Math>y</Math> of <Math>Q</Math> such
 that <Math>y^2=x</Math>.
 <P/>For a left Bol loop in which squaring is a permutation, the 
 associated left Bruck loop is defined by <Math>x\circ y = (x((yy)x))^{1/2}</Math>. 
<ManSection Label="AutoDoc_generated_group1">
<Heading>Associated Bruck loop</Heading>
  <Attr Arg="Q" Name="AssociatedRightBruckLoop" Label="for IsRightBolLoop"/>
  <Attr Arg="Q" Name="AssociatedLeftBruckLoop" Label="for IsLeftBolLoop"/>
 <Returns>the right (left) Bruck loop associated with the right (left) Bol loop <Code>Q</Code>.
</Returns>
 <Description>
<P/>
 </Description>
</ManSection>


</Section>


<Section Label="Chapter_Bol_loops_and_Moufang_loops_Section_Triality_for_Moufang_loops">
<Heading>Triality for Moufang loops</Heading>

 <P/>Blah blah.
</Section>


<Section Label="Chapter_Bol_loops_and_Moufang_loops_Section_Quarter_modifications_of_Moufang_loops">
<Heading>*Quarter modifications of Moufang loops</Heading>

 <P/>Blah blah.
</Section>


</Chapter>

